id,uuid,quality_grade,captive_cultivated,oauth_application_id,place_guess,latitude,longitude,positional_accuracy,private_place_guess,private_latitude,private_longitude,public_positional_accuracy,geoprivacy,taxon_geoprivacy,coordinates_obscured,positioning_method,positioning_device,place_town_name,place_county_name,species_guess,scientific_name,common_name,iconic_taxon_name,taxon_id
310908760,a9ff3158-7d22-458a-890e-046724e51a6c,research,false,2,"North Rose Hill, Kirkland, WA, USA",47.6862640051,-122.1756673604,68,,,,68,,open,false,gps,gps,,King,American Crow,Corvus brachyrhynchos,American Crow,Aves,8021
311072550,2786797e-641b-4980-bec9-692e7fe6fac2,research,false,2,"Lake Hills, Bellevue, WA, USA",47.5972444444,-122.1468555556,,,,,,,open,false,gps,gps,Bellevue City Limits,King,American Crow,Corvus brachyrhynchos,American Crow,Aves,8021
311356698,d480f7fe-cd8c-404c-92f1-0a0b883171c4,research,false,333,SeaTac,47.4275894165,-122.2931289673,4,,,,4,,open,false,,,Seatac City Limits,King,American Crow,Corvus brachyrhynchos,American Crow,Aves,8021
311543615,a73a9c89-3dd7-4a8e-a3be-b18baaf1413c,research,false,843,"Alaskan Way W, Seattle, WA, US",47.6320133333,-122.3773333333,9,,,,9,,open,false,,,,King,American Crow,Corvus brachyrhynchos,American Crow,Aves,8021
311557862,86c36be5-e1f0-454c-b75d-52d5c51b8dd3,research,false,843,"Elliott Bay Trail, Seattle, WA, US",47.625,-122.369995,3,,,,3,,open,false,,,,King,American Crow,Corvus brachyrhynchos,American Crow,Aves,8021
311591077,369b7509-a1b2-49f7-bb6e-ed80ff7a4bb6,research,false,2,"Green Lake, Seattle, WA, USA",47.6760543997,-122.3338252,,,,,,,open,false,gps,gps,,King,American Crow,Corvus brachyrhynchos,American Crow,Aves,8021
312046266,435be790-503d-4715-9052-46452c9af7e9,research,false,843,"Mercer St, Seattle, WA, US",47.624675,-122.3564383333,3,,,,3,,open,false,,,,King,American Crow,Corvus brachyrhynchos,American Crow,Aves,8021
312056399,9a61c885-0cbe-4380-9567-2d86fa4bd45c,research,false,,"Crown Hill, Seattle, WA, USA",47.6996625313,-122.370061815,4,,,,4,,open,false,,,,King,American Crow,Corvus brachyrhynchos,American Crow,Aves,8021
312080753,4c387ad9-aacd-413e-9d33-b8aeaba177db,research,false,843,"King County, US-WA, US",47.7118616667,-122.38005,3,,,,3,,open,false,,,,King,American Crow,Corvus brachyrhynchos,American Crow,Aves,8021
312080941,6949d040-6c49-4f63-a99d-9f51d07e6ea1,research,false,843,"King County, US-WA, US",47.7123033333,-122.3789966667,6,,,,6,,open,false,,,,King,American Crow,Corvus brachyrhynchos,American Crow,Aves,8021
312226002,221eb640-6ba7-4158-99e3-b0d2bd9c67f4,research,false,2,"Interbay, Seattle, WA, USA",47.6646806138,-122.3975822702,149,,,,149,,open,false,,,,King,American Crow,Corvus brachyrhynchos,American Crow,Aves,8021
312305862,86bfe9ec-0a98-422e-baec-7d737081cbae,research,false,3,"4th Ave S, Seattle, WA, US",47.5855783333,-122.329025,5,,,,5,,open,false,,,,King,American Crow,Corvus brachyrhynchos,American Crow,Aves,8021
312558912,0f9b27f8-ca6f-4868-8b9a-fd1a42e9c093,research,false,333,Seattle,47.6685523987,-122.3927154541,32,,,,32,,open,false,,,,King,American Crow,Corvus brachyrhynchos,American Crow,Aves,8021
312581592,479cb971-bb2f-4e93-a1e8-add89ab48644,research,false,,"Renton, WA, USA",47.5009305556,-122.2146,9,,,,9,,open,false,,,Renton City Limits,King,American Crow,Corvus brachyrhynchos,American Crow,Aves,8021
312609764,7c66ef08-750a-462a-b31a-7803b3747ed7,research,false,843,"Roy St, Seattle, WA, US",47.62532,-122.349175,36,,,,36,,open,false,,,,King,American Crow,Corvus brachyrhynchos,American Crow,Aves,8021
312609796,160e9256-55ce-485a-96f8-d8a16b6393fb,research,false,843,"Valley St, Seattle, WA, US",47.6263383333,-122.3502883333,14,,,,14,,open,false,,,,King,American Crow,Corvus brachyrhynchos,American Crow,Aves,8021
312833297,648dc178-e6a9-4ffe-a76a-429578803c6e,research,false,,"North Beach/Blue Ridge, Seattle, WA, USA",47.697135956,-122.3800460024,4,,,,4,,open,false,,,,King,American Crow,Corvus brachyrhynchos,American Crow,Aves,8021
312947298,5cdb67b9-8c08-4ca8-b441-a92eac42d6cc,research,false,843,"E Lake Washington Blvd, Seattle, WA, US",47.6442616667,-122.3017583333,3,,,,3,,open,false,,,,King,American Crow,Corvus brachyrhynchos,American Crow,Aves,8021
312978214,db9e48ae-ba36-439b-a032-09f81c8c0ad8,research,false,,"Crown Hill, Seattle, WA, USA",47.6962753108,-122.3732452058,4,,,,4,,open,false,,,,King,American Crow,Corvus brachyrhynchos,American Crow,Aves,8021
313351984,63c90b88-d49e-4ac2-b294-3ad32166eb4f,research,false,843,"NE 116th St, Kirkland, WA, US",47.7036583333,-122.1789783333,6,,,,6,,open,false,,,,King,American Crow,Corvus brachyrhynchos,American Crow,Aves,8021
313359320,0ed8071e-a171-41ed-a9ff-5c31b0cc9ec4,research,false,2,"Boulevard Park, Burien, WA 98168, USA",47.4956869973,-122.310362868,14,,,,14,,open,false,gps,gps,Burien City Limits,King,American Crow,Corvus brachyrhynchos,American Crow,Aves,8021
313444015,c9d02c51-e367-4f58-bda5-f5aae6ea4320,research,false,2,"West Woodland, Seattle, WA 98107, USA",47.6656555556,-122.3711111111,,,,,,,open,false,gps,gps,,King,American Crow,Corvus brachyrhynchos,American Crow,Aves,8021
313586442,00314dd7-9262-4482-8e5c-b4d141bbf0a7,research,false,,"Crown Hill, Seattle, WA, USA",47.6990408299,-122.3766182738,8,,,,8,,open,false,,,,King,American Crow,Corvus brachyrhynchos,American Crow,Aves,8021
313595921,21a0c850-864a-4e52-8683-e5f0ef01f76d,research,false,3,"Roosevelt Way NE, Seattle, WA, US",47.682475,-122.31697,14,,,,14,,open,false,,,,King,American Crow,Corvus brachyrhynchos,American Crow,Aves,8021
313930086,4f353d0e-c7b5-4480-81cf-6b24bccd31ab,research,false,843,"Seattle, WA, US",47.5303833333,-122.39277,2,,,,2,,open,false,,,,King,American Crow,Corvus brachyrhynchos,American Crow,Aves,8021
313990909,011c6f93-3943-4a12-9ca4-754b4d0611cd,research,false,843,"3rd Ave N, Seattle, WA, US",47.624925,-122.351525,12,,,,12,,open,false,,,,King,American Crow,Corvus brachyrhynchos,American Crow,Aves,8021
313990946,c0246a4c-23e1-4bf7-a2de-9d3ab0e86fc4,research,false,843,"Roy St, Seattle, WA, US",47.6255083333,-122.3523333333,24,,,,24,,open,false,,,,King,American Crow,Corvus brachyrhynchos,American Crow,Aves,8021
314226117,a7d493d8-e15f-409b-9018-21535efb3c88,research,false,3,"46th Ave SW, Seattle, WA, US",47.5292883333,-122.3916166667,10,,,,10,,open,false,,,,King,American Crow,Corvus brachyrhynchos,American Crow,Aves,8021
314241724,47e3e151-3006-4ba0-a1c7-8c0b07c4e915,research,false,843,"Central Ave S, Kent, WA, US",47.365955,-122.2322783333,2,,,,2,,open,false,,,Kent City Limits,King,American Crow,Corvus brachyrhynchos,American Crow,Aves,8021
314282591,9a373f0b-3d7f-4891-b09a-cd4dd6491011,research,false,2,"Central Business District, Seattle, WA, USA",47.6058947208,-122.3418650776,20,,,,20,,open,false,gps,gps,,King,American Crow,Corvus brachyrhynchos,American Crow,Aves,8021
314621294,b017aad4-2cce-4887-bd8b-e558b1625eed,research,false,843,"S 170th St, SeaTac, WA, US",47.4502966667,-122.2992166667,1200,,,,1200,,open,false,,,Seatac City Limits,King,American Crow,Corvus brachyrhynchos,American Crow,Aves,8021
314690930,4034eaab-370a-4d5f-962e-405022bf5ea5,research,false,3,"Luther Burbank Park, Mercer Island, WA, US",47.5906033333,-122.22487,200,,,,200,,open,false,,,,King,American Crow,Corvus brachyrhynchos,American Crow,Aves,8021
314691289,0894a73e-1fa5-4ace-bcbe-dc465fdf0074,research,false,3,"Luther Burbank Park, Mercer Island, WA, US",47.59077,-122.226075,22,,,,22,,open,false,,,,King,American Crow,Corvus brachyrhynchos,American Crow,Aves,8021
314716128,fcf68f4e-1350-45f5-9b06-1ae2b4d761b3,research,false,2,"Seward Park, Seattle, WA 98118, USA",47.5489585997,-122.2551093997,,,,,,,open,false,gps,gps,,King,American Crow,Corvus brachyrhynchos,American Crow,Aves,8021
314729882,e18dafd3-e546-4864-9833-b0843d9b18f8,research,false,,"Interbay P-Patch Community Garden, 2451 15th Ave W, Seattle, WA 98119, USA",47.641201,-122.3770009,57,,,,57,,open,false,,,,King,American Crow,Corvus brachyrhynchos,American Crow,Aves,8021
314958898,d75c629b-a453-41be-812f-9dc08dd24492,research,false,,"Rainier Valley, Seattle, WA, USA",47.5596450997,-122.2887676997,,,,,,,open,false,,,,King,American Crow,Corvus brachyrhynchos,American Crow,Aves,8021
315646884,63c14772-d035-4530-836d-fb3fad010fbc,needs_id,false,,"Southeast Redmond, Redmond, WA 98052, USA",47.65297,-122.1070566667,,,,,,,open,false,,,,King,American Crow,Corvus brachyrhynchos,American Crow,Aves,8021
315688649,77c7fc3b-b920-4afc-af89-4d17ea4471e7,research,false,2,"University of Washington, Seattle, WA, USA",47.6558666667,-122.3089194444,,,,,,,open,false,gps,gps,,King,American Crow,Corvus brachyrhynchos,American Crow,Aves,8021
315786185,2af27792-7f07-4f49-a55a-944d2a84f0a0,research,false,843,"SW Barton St, Seattle, WA, US",47.5233,-122.3951116667,4,,,,4,,open,false,,,,King,American Crow,Corvus brachyrhynchos,American Crow,Aves,8021
315856704,5627868e-4490-41b7-bfce-ab551ef9eaa0,research,false,,"Southeast Redmond, Redmond, WA 98052, USA",47.6576576,-122.1158965,,,,,,,open,false,,,,King,American Crow,Corvus brachyrhynchos,American Crow,Aves,8021
315885538,1c948e08-31b4-4fb2-9608-8994b4d66b32,research,false,3,"NE 43rd St, Seattle, WA, US",47.659845,-122.3132633333,30,,,,30,,open,false,,,,King,corneille d'Amérique,Corvus brachyrhynchos,American Crow,Aves,8021
315910174,040d028d-0280-4e1f-9552-1ee92cf9524a,research,false,3,"Rose Hill Meadows Park, Kirkland, WA, US",47.6771173272,-122.1748159014,29,,,,29,,open,false,,,,King,American Crow,Corvus brachyrhynchos,American Crow,Aves,8021
316099856,4d82f82a-716b-4a40-bb57-e67814863236,research,false,3,"NE Boat St, Seattle, WA, US",47.6516216667,-122.3152083333,4,,,,4,,open,false,,,,King,American Crow,Corvus brachyrhynchos,American Crow,Aves,8021
316208126,d220bb90-a4e2-48ea-889b-9d6141af808f,research,false,,"Lake Hills, Bellevue, WA, USA",47.6060422222,-122.1394925,,,,,,,open,false,,,Bellevue City Limits,King,American Crow,Corvus brachyrhynchos,American Crow,Aves,8021
316561690,c6b38a08-03c6-473d-8736-64f7469e59ab,research,false,843,"Montlake Blvd NE, Seattle, WA, US",47.6526024146,-122.3017357943,14,,,,14,,open,false,,,,King,American Crow,Corvus brachyrhynchos,American Crow,Aves,8021
316562717,20b8bb10-accc-4689-b2fb-20de21efbf88,research,false,843,"Seattle, WA, US",47.6543622146,-122.2999061374,27,,,,27,,open,false,,,,King,American Crow,Corvus brachyrhynchos,American Crow,Aves,8021
316598591,a5c6c516-585f-40ba-8767-1591ceaef3e4,research,false,843,"King County, US-WA, US",47.6056252237,-122.2940419488,7,,,,7,,open,false,,,,King,American Crow,Corvus brachyrhynchos,American Crow,Aves,8021
316734183,bc555842-2812-4a51-95be-207f505ebdb2,research,false,3,"N 68th St, Seattle, WA, US",47.6787831832,-122.350764404,8,,,,8,,open,false,,,,King,American Crow,Corvus brachyrhynchos,American Crow,Aves,8021
316855100,e0b0b682-0244-4e88-80d7-e4efaa7a9bd2,research,false,333,Des Moines,47.4092674255,-122.2994537354,3,,,,3,,open,false,,,Des Moines City Limits,King,American Crow,Corvus brachyrhynchos,American Crow,Aves,8021
317026892,610f3fbc-2b07-42e7-bfe5-fa7977d4be6d,research,false,,"University District, Seattle, WA 98105, USA",47.6588555556,-122.3142555556,44,,,,44,,open,false,,,,King,American Crow,Corvus brachyrhynchos,American Crow,Aves,8021
317149849,0b08b5ca-eadb-403c-8598-65b2d09e5e5c,research,false,843,"Roosevelt Way NE, Seattle, WA, US",47.6643133146,-122.3175868495,9,,,,9,,open,false,,,,King,American Crow,Corvus brachyrhynchos,American Crow,Aves,8021
317152950,f3d6b2d2-2ddd-4472-9b0d-4e7cfca1f3f0,research,false,,"Renton, WA, USA",47.4742258928,-122.2435657356,50,,,,50,,open,false,,,Renton City Limits,King,American Crow,Corvus brachyrhynchos,American Crow,Aves,8021
317168658,34771039-2436-405c-b3ed-b827e89629f4,research,false,,"Renton, WA, USA",47.4831499207,-122.2039558208,20,,,,20,,open,false,,,Renton City Limits,King,American Crow,Corvus brachyrhynchos,American Crow,Aves,8021
317185431,8d77400a-be98-4bae-9327-778cdf2ca489,research,false,843,"George Washington Ln, Seattle, WA, US",47.6561083333,-122.3108883333,6,,,,6,,open,false,,,,King,American Crow,Corvus brachyrhynchos,American Crow,Aves,8021
317410925,80f8d83d-7c70-40b7-8c0a-9093b03eaa4e,research,false,843,"Strander Blvd, Tukwila, WA, US",47.455045,-122.2554083333,2,,,,2,,open,false,,,Tukwila City Limits,King,American Crow,Corvus brachyrhynchos,American Crow,Aves,8021
317457524,c28418cb-e2c9-492c-9a1b-f0ccb257ccef,research,false,3,"Queen Anne Ave N, Seattle, WA, US",47.6324116667,-122.3571083333,4,,,,4,,open,false,,,,King,American Crow,Corvus brachyrhynchos,American Crow,Aves,8021
317468166,734117e2-9642-4307-af9c-c1c8713577ed,research,false,,"Arboretum, Seattle, WA 98112, USA",47.6319833333,-122.2934,,,,,,,open,false,,"",,King,American Crow,Corvus brachyrhynchos,American Crow,Aves,8021
317468179,00f53229-5753-47eb-b72c-6e9bed895ae7,research,false,,"Arboretum, Seattle, WA 98112, USA",47.6337583333,-122.2962805556,,,,,,,open,false,,"",,King,American Crow,Corvus brachyrhynchos,American Crow,Aves,8021
317551962,fe2622a0-957f-4b77-b356-3990d6767686,research,false,843,"N Northlake Pl, Seattle, WA, US",47.6454972952,-122.3360743331,7,,,,7,,open,false,,,,King,American Crow,Corvus brachyrhynchos,American Crow,Aves,8021
317591969,f13137b0-f7d2-4ac5-b64f-532c50d41b2e,research,false,333,Seattle,47.6462211609,-122.2919387817,3,,,,3,,open,false,,,,King,American Crow,Corvus brachyrhynchos,American Crow,Aves,8021
317592478,2b1bf441-6d12-4782-aa2c-2814a4747210,research,false,,"University of Washington, Seattle, WA, USA",47.6569863938,-122.3082059677,61,,,,61,,open,false,,,,King,American Crow,Corvus brachyrhynchos,American Crow,Aves,8021
317830774,2a194eec-e8b0-4c36-8e56-4693e7683c18,research,false,843,"Brooklyn Ave NE, Seattle, WA, US",47.6524083333,-122.3141466667,21,,,,21,,open,false,,,,King,American Crow,Corvus brachyrhynchos,American Crow,Aves,8021
317852762,d36de4e2-4aef-4bcb-9188-14a4f5ad36ea,research,false,2,"Crown Hill, Seattle, WA, USA",47.6991957194,-122.3703427613,22,,,,22,,open,false,gps,gps,,King,American Crow,Corvus brachyrhynchos,American Crow,Aves,8021
318097113,1cd5a0ef-71ce-4e72-906f-0840935a381c,research,false,843,"Ravenna Ave NE, Seattle, WA, US",47.6703693672,-122.3038898596,3,,,,3,,open,false,,,,King,American Crow,Corvus brachyrhynchos,American Crow,Aves,8021
318097215,2a68a2d1-3f5e-45b8-8d11-071e05330812,research,false,843,"Ravenna Ave NE, Seattle, WA, US",47.6700098802,-122.3037023303,6,,,,6,,open,false,,,,King,American Crow,Corvus brachyrhynchos,American Crow,Aves,8021
318130620,39b93bd3-3519-4be9-be9b-edba7347a497,research,false,,"King, Washington, United States",47.65611667,-122.31128056,,,,,,,open,false,,,,King,American Crow,Corvus brachyrhynchos,American Crow,Aves,8021
318137161,14b7c0d9-f0c0-49cd-a1d0-46509f11a36b,research,false,843,"E Stevens Way NE, Seattle, WA, US",47.655595,-122.3061,16,,,,16,,open,false,,,,King,American Crow,Corvus brachyrhynchos,American Crow,Aves,8021
318231558,a60d17d3-e15b-498e-a6c2-107c54297fe3,research,false,3,"University of Washington, Seattle, WA, US",47.6569836146,-122.310802922,25,,,,25,,open,false,,,,King,American Crow,Corvus brachyrhynchos,American Crow,Aves,8021
318241534,ea75521f-0108-420d-bcbf-154595de99f4,research,false,843,"NE Grant Ln, Seattle, WA, US",47.6548783333,-122.310005,4,,,,4,,open,false,,,,King,American Crow,Corvus brachyrhynchos,American Crow,Aves,8021
318247571,1e72bc66-07db-4fac-9f16-d67a145ae0e4,research,false,843,"University Way NE, Seattle, WA, US",47.6641166667,-122.3131333333,14,,,,14,,open,false,,,,King,American Crow,Corvus brachyrhynchos,American Crow,Aves,8021
318262287,7ad2f7f9-f210-4335-bf2c-9a4808d9633a,research,false,843,"NE Boat St, Seattle, WA, US",47.6517216667,-122.31453,3,,,,3,,open,false,,,,King,American Crow,Corvus brachyrhynchos,American Crow,Aves,8021
318271631,58537920-bc59-4072-866c-b816847438e3,research,false,2,"Seattle, WA 98195, USA",47.6510694444,-122.3061527778,,,,,,,open,false,gps,gps,,King,American Crow,Corvus brachyrhynchos,American Crow,Aves,8021
318286538,b49847fd-113c-43da-ab18-6953898d5f11,research,false,843,"NE 47th St, Seattle, WA, US",47.662892897,-122.3053125123,174,,,,174,,open,false,,,,King,American Crow,Corvus brachyrhynchos,American Crow,Aves,8021
318306994,4738f9c9-977a-4233-aed7-f84f86225073,research,false,843,"Burke-Gilman Trail, Seattle, WA, US",47.6506534223,-122.3063447347,3301,,,,3301,,open,false,,,,King,American Crow,Corvus brachyrhynchos,American Crow,Aves,8021
318326952,d3cae422-7a64-43a4-a8e3-74864cae71ee,research,false,,"King, Washington, United States",47.65821389,-122.31324722,,,,,,,open,false,,,,King,American Crow,Corvus brachyrhynchos,American Crow,Aves,8021
318333290,af72d868-4c04-4cf4-80a8-742daec3da23,research,false,,"King, Washington, United States",47.63046667,-122.14415,,,,,,,open,false,,,Bellevue City Limits,King,American Crow,Corvus brachyrhynchos,American Crow,Aves,8021
318344570,92c93780-13cc-45c5-b212-c4437a52c932,research,false,843,"15th Ave NE, Seattle, WA, US",47.65155,-122.313125,5,,,,5,,open,false,,,,King,American Crow,Corvus brachyrhynchos,American Crow,Aves,8021
318350418,5b0af6eb-c539-479b-b7ae-2497fd6b4781,research,false,843,"15th Ave NE, Seattle, WA, US",47.6532583333,-122.312325,7,,,,7,,open,false,,,,King,American Crow,Corvus brachyrhynchos,American Crow,Aves,8021
318350577,41884705-5353-4b59-af58-c463dd61f002,research,false,843,"15th Ave NE, Seattle, WA, US",47.658225,-122.311675,21,,,,21,,open,false,,,,King,American Crow,Corvus brachyrhynchos,American Crow,Aves,8021
318436925,a3babe64-0e59-486b-96ff-ab04ffb86031,needs_id,false,333,Seattle,47.6229248047,-122.2873840332,35,,,,35,,open,false,,,,King,Birds,Corvus brachyrhynchos,American Crow,Aves,8021
318506570,76d81cde-84ce-4c16-804b-5a3703290c83,research,false,333,"King County, US-WA, US",47.6229705811,-122.2882156372,4,,,,4,,open,false,,,,King,American Crow,Corvus brachyrhynchos,American Crow,Aves,8021
318510537,6ca22697-1dc2-470c-b913-37d3c3204f22,research,false,3,"Warren G. Magnuson Park, Seattle, WA, US",47.6792550031,-122.2479333333,20,,,,20,,open,false,,,,King,American Crow,Corvus brachyrhynchos,American Crow,Aves,8021
318515740,e986da7b-41bc-4e55-a50a-c00c0df007cb,research,false,2,"King County, US-WA, US",47.6820544997,-122.3302905997,,,,,,,open,false,gps,gps,,King,American Crow,Corvus brachyrhynchos,American Crow,Aves,8021
318517912,ef1b8b48-36d2-4881-9c0e-95c78a8b9c0e,research,false,333,"King County, US-WA, US",47.5270614624,-122.3821334839,6,,,,6,,open,false,,,,King,American Crow,Corvus brachyrhynchos,American Crow,Aves,8021
318517913,a3fa003f-3d27-48a6-8d0a-c7e497c59767,research,false,333,"King County, US-WA, US",47.5267715454,-122.3822097778,4,,,,4,,open,false,,,,King,American Crow,Corvus brachyrhynchos,American Crow,Aves,8021
318665765,b77a3860-99a4-49ef-8950-8ab4376b1ca4,research,false,3,"Marymoor Park, Redmond, WA, US",47.66038,-122.1115195,2,,,,2,,open,false,,,,King,American Crow,Corvus brachyrhynchos,American Crow,Aves,8021
318770353,55433044-7ce5-496a-9143-a43b32c71e52,research,false,333,Des Moines,47.3866882324,-122.3103790283,4,,,,4,,open,false,,,Des Moines City Limits,King,American Crow,Corvus brachyrhynchos,American Crow,Aves,8021
318973431,1d89298a-4ccc-4066-b897-ea03d4408024,research,false,,"Ballard, Seattle, WA, USA",47.6897963379,-122.4037476178,200,,,,200,,open,false,,,,King,American Crow,Corvus brachyrhynchos,American Crow,Aves,8021
318977439,4dc5f063-4d5c-4fe5-afbe-9194edbf55c5,research,false,333,Seattle,47.5489044189,-122.2558670044,4,,,,4,,open,false,,,,King,American Crow,Corvus brachyrhynchos,American Crow,Aves,8021
318977582,bb482b45-339c-4350-8fd2-c1e71dd17783,research,false,333,Seattle,47.5489006042,-122.2557373047,4,,,,4,,open,false,,,,King,American Crow,Corvus brachyrhynchos,American Crow,Aves,8021
319185900,d42ffe3d-bdef-4778-81c4-69b4ddf17a82,research,false,843,"15th Ave NE, Seattle, WA, US",47.6582466667,-122.3116833333,24,,,,24,,open,false,,,,King,American Crow,Corvus brachyrhynchos,American Crow,Aves,8021
319189992,22c026ea-cae0-4229-807a-a3b3d9d7ceac,research,false,333,Seattle,47.6391944885,-122.2831420898,,,,,,,open,false,,,,King,American Crow,Corvus brachyrhynchos,American Crow,Aves,8021
319200462,4d6af7d9-30c3-49f1-98f7-dde922a8f458,needs_id,false,3,"Union Bay Natural Area, Seattle, WA, US",47.6553583333,-122.295295,4,,,,4,,open,false,,,,King,American Crow,Corvus brachyrhynchos,American Crow,Aves,8021
319204525,42459ac2-abb7-45fa-8850-35f5634bcabb,research,false,3,"NE 10th St, Bellevue, WA, US",47.6193116667,-122.1924583333,12,,,,12,,open,false,,,Bellevue City Limits,King,American Crow,Corvus brachyrhynchos,American Crow,Aves,8021
319249031,59272d25-f261-4a95-bfaf-40f513816255,research,false,2,"Seattle Waterfront, Seattle, WA, USA",47.6036719041,-122.3388221115,3,,,,3,,open,false,gps,gps,,King,American Crow,Corvus brachyrhynchos,American Crow,Aves,8021
319249596,baf4925e-133a-41d8-8e07-319e6ac6d971,research,false,333,Seattle,47.5449028015,-122.2608566284,3,,,,3,,open,false,,,,King,American Crow,Corvus brachyrhynchos,American Crow,Aves,8021
319404337,576a1681-6054-41d9-9bae-d7d1ae4257d0,research,false,333,Seattle,47.6232376099,-122.2883605957,17,,,,17,,open,false,,,,King,American Crow,Corvus brachyrhynchos,American Crow,Aves,8021
319412020,0b581465-a01d-4652-b50b-52f6ca165806,research,false,333,"King County, US-WA, US",47.622833252,-122.2854766846,16,,,,16,,open,false,,,,King,American Crow,Corvus brachyrhynchos,American Crow,Aves,8021
319473741,3185764c-8bcd-4516-8a07-aa5c56a41a5a,research,false,333,Seattle,47.5458755493,-122.2591934204,3,,,,3,,open,false,,,,King,American Crow,Corvus brachyrhynchos,American Crow,Aves,8021
319473905,ce012bed-80c6-4086-866a-67f209287c37,research,false,333,Seattle,47.5460395813,-122.2591094971,4,,,,4,,open,false,,,,King,American Crow,Corvus brachyrhynchos,American Crow,Aves,8021
319505352,49c87453-15b1-46ff-b0e4-ab518e611c08,research,false,,"Bothell, WA, USA",47.7580013583,-122.2222157789,8,,,,8,,open,false,,,Bothell City Limits,King,American Crow,Corvus brachyrhynchos,American Crow,Aves,8021
319580521,034436f9-ca47-49ba-adc3-27aa1b5088df,research,false,2,"Crown Hill, Seattle, WA, USA",47.6969008236,-122.3761758953,44,,,,44,,open,false,gps,gps,,King,American Crow,Corvus brachyrhynchos,American Crow,Aves,8021
319597778,77fa36f2-5070-4a0d-a241-3dec0f5170ba,research,false,,"University of Washington, Seattle, WA, USA",47.6573222222,-122.3078,5,,,,5,,open,false,,,,King,American Crow,Corvus brachyrhynchos,American Crow,Aves,8021
319840648,716b8012-34e1-4fea-b0b3-4b55403f6230,research,false,843,"Memorial Way, Seattle, WA, US",47.6579106539,-122.309409055,43,,,,43,,open,false,,,,King,American Crow,Corvus brachyrhynchos,American Crow,Aves,8021
319848853,21c4c0cd-c253-46f0-a0a7-9ed928af4155,research,false,3,"Green Lake Park, Seattle, WA, US",47.6844307983,-122.3354067817,3,,,,3,,open,false,,,,King,American Crow,Corvus brachyrhynchos,American Crow,Aves,8021
319863499,1ebf900d-c062-4248-815c-00c73036d00a,research,false,333,Seattle,47.6229019165,-122.2881393433,4,,,,4,,open,false,,,,King,American Crow,Corvus brachyrhynchos,American Crow,Aves,8021
319902517,8603d97c-9cb3-4cff-96d3-37e681bc5169,research,false,843,"15th Ave NE, Seattle, WA, US",47.6583716667,-122.3118116667,20,,,,20,,open,false,,,,King,American Crow,Corvus brachyrhynchos,American Crow,Aves,8021
319902867,031a7eef-2d6b-461a-bd4b-0eae29f9e97f,research,false,843,"Harvard Ave, Seattle, WA, US",47.61373,-122.3221366667,21,,,,21,,open,false,,,,King,American Crow,Corvus brachyrhynchos,American Crow,Aves,8021
319908118,d109481e-9bb5-4f02-9665-c3e06a0d3c2c,research,false,,"University of Washington, Seattle, WA, USA",47.6578622451,-122.3095360483,8,,,,8,,open,false,,,,King,American Crow,Corvus brachyrhynchos,American Crow,Aves,8021
319991420,cc762bb2-8db7-41c6-af54-3a6464012478,research,false,843,"Harrison St, Seattle, WA, US",47.621905,-122.3320783333,19,,,,19,,open,false,,,,King,American Crow,Corvus brachyrhynchos,American Crow,Aves,8021
320080431,808c822c-65a9-4a07-9c0d-17f024dd7bfa,research,false,,"Kirkland, WA, USA",47.6990270978,-122.212880317,456,,,,456,,open,false,,,,King,American Crow,Corvus brachyrhynchos,American Crow,Aves,8021
320090228,4d37509c-f043-4c63-b748-ef2eeca34b05,research,false,,"Lawton Park, Seattle, WA 98199, USA",47.66438165,-122.42671665,,,,,,,open,false,,,,King,American Crow,Corvus brachyrhynchos,American Crow,Aves,8021
320458949,0886e34d-2f23-4048-8247-cde916d170bb,research,false,843,"E Green Lake Dr N, Seattle, WA, US",47.6858327003,-122.3373818762,3,,,,3,,open,false,,,,King,American Crow,Corvus brachyrhynchos,American Crow,Aves,8021
320481096,f59b93a6-a02b-4dba-896a-219eb21c9231,research,false,843,"W Comstock St, Seattle, WA, US",47.6301116667,-122.3631966667,36,,,,36,,open,false,,,,King,American Crow,Corvus brachyrhynchos,American Crow,Aves,8021
320685147,371ad07e-45e3-496a-843e-b79ead6dd73f,research,false,3,"University of Washington, Seattle, WA, US",47.6533995755,-122.30686971,6,,,,6,,open,false,,,,King,American Crow,Corvus brachyrhynchos,American Crow,Aves,8021
320696243,3f6fd497-8fe4-4530-8de1-7a7e9a87c89f,research,false,,"SeaTac, WA, USA",47.4277039614,-122.2932125718,20,,,,20,,open,false,,,Seatac City Limits,King,American Crow,Corvus brachyrhynchos,American Crow,Aves,8021
320788031,6104b81f-34ff-4e73-9c50-2bfc09ef1ee9,research,false,,"University of Washington, Seattle, WA, USA",47.654023321,-122.2946647823,8,,,,8,,open,false,,,,King,American Crow,Corvus brachyrhynchos,American Crow,Aves,8021
320828604,bb450603-c039-4750-99b4-355526fa9833,research,false,843,"Alki Ave SW, Seattle, WA, US",47.579925,-122.4086616667,5,,,,5,,open,false,,,,King,American Crow,Corvus brachyrhynchos,American Crow,Aves,8021
320829391,a5fb941a-132f-48b8-9927-fd6adb57203d,research,false,843,"Alki Trail, Seattle, WA, US",47.5848416667,-122.3997583333,4,,,,4,,open,false,,,,King,American Crow,Corvus brachyrhynchos,American Crow,Aves,8021
320938754,6386eb39-1bee-47be-93a1-e8e8539d776b,research,false,,"University of Washington, Seattle, WA, USA",47.6516448,-122.3081762,1929,,,,1929,,open,false,,,,King,American Crow,Corvus brachyrhynchos,American Crow,Aves,8021
320972674,de92d17a-2547-4d5d-808b-7220e6a6557f,research,false,843,"NE Ravenna Blvd, Seattle, WA, US",47.6706279135,-122.3110384448,4,,,,4,,open,false,,,,King,American Crow,Corvus brachyrhynchos,American Crow,Aves,8021
320990320,d87e5bb0-dc27-4cc1-b0a2-7490631764f1,research,false,843,"E Green Lake Dr N, Seattle, WA, US",47.6806540235,-122.3278288455,3,,,,3,,open,false,,,,King,American Crow,Corvus brachyrhynchos,American Crow,Aves,8021
321000391,3ef30903-62d7-45e6-a3cc-41b16588ac45,research,false,3,"Spring St, 西雅圖, WA, US",47.607230719,-122.332642197,534,,,,534,,open,false,,,,King,Corvus brachyrhynchos,Corvus brachyrhynchos,American Crow,Aves,8021
321080748,0d81d24c-413a-45d1-8b9c-8b3d1d962cc2,research,false,843,"NE Grant Ln, Seattle, WA, US",47.6546063601,-122.3071225082,6,,,,6,,open,false,,,,King,American Crow,Corvus brachyrhynchos,American Crow,Aves,8021
321086382,8bfb4053-f7df-4cde-9681-78a0188c966a,research,false,3,"University of Washington, Seattle, WA, US",47.6545680386,-122.3041996767,10,,,,10,,open,false,,,,King,American Crow,Corvus brachyrhynchos,American Crow,Aves,8021
321111461,e18d0ded-db64-4023-80c5-87dd529edd1c,research,false,843,"15th Ave NE, Seattle, WA, US",47.6597549974,-122.3114364013,6,,,,6,,open,false,,,,King,American Crow,Corvus brachyrhynchos,American Crow,Aves,8021
321144262,6d946c7e-2130-46a7-989a-5686f7930102,research,false,3,"Warren G. Magnuson Park, Seattle, WA, US",47.6831056633,-122.2527081198,18,,,,18,,open,false,,,,King,American Crow,Corvus brachyrhynchos,American Crow,Aves,8021
321144896,e919c576-448e-4491-8301-0c75a0689b28,research,false,3,"Radford Dr NE, Seattle, WA, US",47.6756909996,-122.2620393051,6,,,,6,,open,false,,,,King,American Crow,Corvus brachyrhynchos,American Crow,Aves,8021
321145542,1122efca-e941-4508-b5ef-b7bd5e40b96b,research,false,,"Squire Park, Seattle, WA, USA",47.6115916667,-122.3145916667,5,,,,5,,open,false,,,,King,American Crow,Corvus brachyrhynchos,American Crow,Aves,8021
321256204,bf419539-feee-42c6-ab5e-0fcd034132c4,research,false,843,"Campus of the University of Washington, WA, US",47.643315,-122.30204,,,,,,,open,false,,,,King,American Crow,Corvus brachyrhynchos,American Crow,Aves,8021
321274402,90298ca7-879c-4829-95bd-de9e5bfaf996,research,false,843,"NE 47th St, Seattle, WA, US",47.6630533333,-122.3140633333,14,,,,14,,open,false,,,,King,American Crow,Corvus brachyrhynchos,American Crow,Aves,8021
321280684,9ff41e7a-6674-40bd-8180-6cc59f8536d6,research,false,843,"Memorial Way, Seattle, WA, US",47.6584866667,-122.3095633333,4,,,,4,,open,false,,,,King,American Crow,Corvus brachyrhynchos,American Crow,Aves,8021
321298493,ec31691b-16c2-4cf3-8855-afbe06b97a0c,research,false,,"University of Washington, Seattle, WA, USA",47.657996082,-122.3114196829,15,,,,15,,open,false,,,,King,American Crow,Corvus brachyrhynchos,American Crow,Aves,8021
321307359,ae35105e-2793-45bc-bb86-95df163639ba,research,false,2,"King County, US-WA, US",47.65598,-122.3091166667,8,,,,8,,open,false,,,,King,American Crow,Corvus brachyrhynchos,American Crow,Aves,8021
321307521,fb86bd0d-f838-457b-9ab3-9a58ffbdaad7,research,false,3,"University of Washington, Seattle, WA, US",47.6568566915,-122.3060311006,4,,,,4,,open,false,,,,King,American Crow,Corvus brachyrhynchos,American Crow,Aves,8021
321307967,b773bb36-d076-4580-8803-85e02d5a1e9f,research,false,843,"NE Skagit Ln, Seattle, WA, US",47.6568248635,-122.3061712355,24,,,,24,,open,false,,,,King,American Crow,Corvus brachyrhynchos,American Crow,Aves,8021
321311957,c0daf15e-8d06-4287-8807-914ed2739c25,research,false,333,Seattle,47.6578330994,-122.3040390015,9,,,,9,,open,false,,,,King,American Crow,Corvus brachyrhynchos,American Crow,Aves,8021
321315660,3aa6c4d6-3b12-41aa-bdad-e3fda26efd33,research,false,843,"Broadway E, Seattle, WA, US",47.6209405894,-122.3210439285,14,,,,14,,open,false,,,,King,American Crow,Corvus brachyrhynchos,American Crow,Aves,8021
321319534,33cf50d4-65c7-463d-a2c2-6ecd8be21e20,research,false,843,"Volunteer Park Rd, Seattle, WA, US",47.6285635634,-122.31665092,5,,,,5,,open,false,,,,King,American Crow,Corvus brachyrhynchos,American Crow,Aves,8021
321344508,48d10bf5-1919-4535-9937-0a6c24b6226d,research,false,,"University of Washington, Seattle, WA, USA",47.6517805556,-122.3162305556,5,,,,5,,open,false,,,,King,American Crow,Corvus brachyrhynchos,American Crow,Aves,8021
321345781,41587416-a6fc-4d41-8c5b-677695440785,research,false,3,"12th Ave NE, Seattle, WA, US",47.659175398,-122.3151396151,35,,,,35,,open,false,,,,King,American Crow,Corvus brachyrhynchos,American Crow,Aves,8021
321350206,55b2153f-e1e9-4dd4-9c81-33d724f385c4,research,false,843,"24th Ave NE, Seattle, WA, US",47.6631083333,-122.30252,4,,,,4,,open,false,,,,King,American Crow,Corvus brachyrhynchos,American Crow,Aves,8021
321442107,6cc9c913-c869-4b04-8465-358709d909a1,research,false,2,"Seattle, WA 98195, USA",47.6515318,-122.3086015,99,,,,99,,open,false,,,,King,American Crow,Corvus brachyrhynchos,American Crow,Aves,8021
321678954,bf6c93fe-25e0-413a-a4c4-1653a156c9f1,research,false,2,"Haggett Hall (HGT), Seattle, WA 98105, USA",47.65999024,-122.30390829,7,,,,7,,open,false,,,,King,American Crow,Corvus brachyrhynchos,American Crow,Aves,8021
321888398,c729768f-1ce3-4cc7-b564-ce6f86db03fb,research,false,843,"NE 45th St, Seattle, WA, US",47.661489323,-122.3073673674,4,,,,4,,open,false,,,,King,American Crow,Corvus brachyrhynchos,American Crow,Aves,8021
321995707,8bb1a906-0929-4082-9c7e-899d0be6f1df,research,false,,"Seattle, WA, USA",47.6658611935,-122.399671379,250,,,,250,,open,false,,,,King,American Crow,Corvus brachyrhynchos,American Crow,Aves,8021
322011953,3ba15e3d-3db6-45ee-a58a-dd414406aac5,research,false,,"Phinney Ridge, Seattle, WA, USA",47.6685998589,-122.3509641592,321,,,,321,,open,false,,,,King,American Crow,Corvus brachyrhynchos,American Crow,Aves,8021
322102550,b3d6e854-3753-4f64-961e-98a667e6b3e5,research,false,843,"E Stevens Way NE, Seattle, WA, US",47.6551170169,-122.3048705475,67,,,,67,,open,false,,,,King,American Crow,Corvus brachyrhynchos,American Crow,Aves,8021
322124744,37ae7549-38ed-4989-8b61-51c6a586d3ce,research,false,843,"Spokane Ln, Seattle, WA, US",47.6568633333,-122.3104083333,4,,,,4,,open,false,,,,King,American Crow,Corvus brachyrhynchos,American Crow,Aves,8021
322278024,ef2c1d6f-aaf9-41de-8eff-83dda7ab8a01,research,false,843,"NE 83rd St, Redmond, WA, US",47.6767606293,-122.1237849627,4,,,,4,,open,false,,,Redmond City Limits,King,American Crow,Corvus brachyrhynchos,American Crow,Aves,8021
322323453,ec066fd8-7f18-4f91-87eb-dcc9853cd2a7,research,false,843,"Walla Walla Rd, Seattle, WA, US",47.6540420065,-122.3001658638,21,,,,21,,open,false,,,,King,American Crow,Corvus brachyrhynchos,American Crow,Aves,8021
322367505,6b06ffe2-0f81-45ed-9000-976bcdd1dfb3,research,false,,"Northlake, Seattle, WA, USA",47.6455353219,-122.3342031134,20,,,,20,,open,false,,,,King,American Crow,Corvus brachyrhynchos,American Crow,Aves,8021
322420277,74b0cdda-765b-4d24-b59c-8857e6a297ab,research,false,3,"University of Washington, Seattle, WA, US",47.6480663546,-122.3067153235,13,,,,13,,open,false,,,,King,American Crow,Corvus brachyrhynchos,American Crow,Aves,8021
322468090,5b9e7a7f-c92d-4604-b6a5-90f376bddaf4,research,false,3,"University of Washington, Seattle, WA, US",47.6539838493,-122.3117144504,39,,,,39,,open,false,,,,King,American Crow,Corvus brachyrhynchos,American Crow,Aves,8021
322505011,d684ca0c-d3c3-415d-be11-05c5e17e9642,research,false,2,"University of Washington, Seattle, WA, USA",47.65508992,-122.29583225,7,,,,7,,open,false,,,,King,American Crow,Corvus brachyrhynchos,American Crow,Aves,8021
322537317,9e2ff86b-5a55-4461-b304-01e2b66b664f,research,false,843,"NE 45th St, Seattle, WA, US",47.6612916667,-122.307305,14,,,,14,,open,false,,,,King,American Crow,Corvus brachyrhynchos,American Crow,Aves,8021
322607042,6cffd4d2-f1e4-4811-8d50-ac5a30fb4758,research,false,3,"University of Washington, Seattle, WA, US",47.6608987613,-122.3070577011,15,,,,15,,open,false,,,,King,American Crow,Corvus brachyrhynchos,American Crow,Aves,8021
322612443,1496419f-aad7-479d-a07b-d752d670b055,research,false,843,"Memorial Way, Seattle, WA, US",47.6596971509,-122.3095564452,7,,,,7,,open,false,,,,King,American Crow,Corvus brachyrhynchos,American Crow,Aves,8021
322624691,988cc501-867e-4139-bc6c-c88339b23bd8,research,false,3,"Portage Bay Reach, Seattle, WA, US",47.65217,-122.3170866667,47,,,,47,,open,false,,,,King,American Crow,Corvus brachyrhynchos,American Crow,Aves,8021
322641576,89868d6c-5f9a-41fa-b86e-a224f7d3f395,research,false,2,"Taiga Interpretive Center, Seattle, WA 98103, USA",47.6709638889,-122.3505694444,,,,,,,open,false,gps,gps,,King,American Crow,Corvus brachyrhynchos,American Crow,Aves,8021
322644538,7f6aabec-a170-48ec-972a-43f5e3b4614f,research,false,843,"Spokane Ln, Seattle, WA, US",47.6559768012,-122.3089438957,4,,,,4,,open,false,,,,King,American Crow,Corvus brachyrhynchos,American Crow,Aves,8021
322644554,0aabd326-9346-4c15-bec7-202ef115875f,research,false,843,"Spokane Ln, Seattle, WA, US",47.6559768012,-122.3089438957,4,,,,4,,open,false,,,,King,American Crow,Corvus brachyrhynchos,American Crow,Aves,8021
322668756,39da25d1-c68f-4132-8cdb-859376ec77e6,research,false,,"University of Washington, Seattle, WA, USA",47.6516448,-122.3081762,1929,,,,1929,,open,false,,,,King,American Crow,Corvus brachyrhynchos,American Crow,Aves,8021
322704009,e8d0222b-cf78-4760-b9f5-d7f94b3b3e01,research,false,843,"12th Ave NE, Seattle, WA, US",47.6574795079,-122.3158097963,256,,,,256,,open,false,,,,King,American Crow,Corvus brachyrhynchos,American Crow,Aves,8021
322711526,6a9b3c17-e68e-41e1-a3fe-d0fb96bea438,research,false,,"3801 Brooklyn Ave NE, Seattle, WA 98105, USA",47.654266,-122.315441,187,,,,187,,open,false,,,,King,American Crow,Corvus brachyrhynchos,American Crow,Aves,8021
322715000,53a71117-7ce0-4f29-911e-c53e2f41000e,research,false,843,"19th Ave NE, Seattle, WA, US",47.6681805825,-122.3076759685,40,,,,40,,open,false,,,,King,American Crow,Corvus brachyrhynchos,American Crow,Aves,8021
323043364,32e9d495-08ea-4332-93ad-7ac539b4f029,research,false,3,"11th Ave NE, Seattle, WA, US",47.6582835228,-122.3164091705,14,,,,14,,open,false,,,,King,American Crow,Corvus brachyrhynchos,American Crow,Aves,8021
323050834,8cc6e1bd-9e38-4db2-b341-52da7b352d44,research,false,843,"15th Ave NE, Seattle, WA, US",47.6554366667,-122.3119583333,3,,,,3,,open,false,,,,King,American Crow,Corvus brachyrhynchos,American Crow,Aves,8021
323051754,20b92c81-f394-4b0b-9200-a5422c5e1552,research,false,843,"Factoria Blvd SE, Bellevue, WA, US",47.573345,-122.1711966667,6,,,,6,,open,false,,,Bellevue City Limits,King,American Crow,Corvus brachyrhynchos,American Crow,Aves,8021
323122216,63122e6c-ffdb-40a9-849f-9c2ec43414a8,research,false,843,"NE Pacific St, Seattle, WA, US",47.653693839,-122.3142469463,5,,,,5,,open,false,,,,King,American Crow,Corvus brachyrhynchos,American Crow,Aves,8021
323287332,ce57385f-0279-410e-bd83-9d5120543f60,research,false,3,"University of Washington, Seattle, WA, US",47.6582115127,-122.3075178493,62,,,,62,,open,false,,,,King,American Crow,Corvus brachyrhynchos,American Crow,Aves,8021
323308032,80faf92a-d3ee-497f-86d4-36ff2e6c5897,research,false,843,"42nd Ave SW, Seattle, WA, US",47.5678166667,-122.3852166667,11,,,,11,,open,false,,,,King,American Crow,Corvus brachyrhynchos,American Crow,Aves,8021
323328861,db88846c-05a6-4311-9a22-a0decb723ea2,research,false,843,"NE Northgate Way, Seattle, WA, US",47.7087314246,-122.3193762573,4,,,,4,,open,false,,,,King,American Crow,Corvus brachyrhynchos,American Crow,Aves,8021
323333556,37c795cb-1cd2-484a-9cb4-9d56d8544cc0,research,false,2,"Crown Hill, Seattle, WA, USA",47.7008663942,-122.3719470575,24,,,,24,,open,false,gps,gps,,King,American Crow,Corvus brachyrhynchos,American Crow,Aves,8021
323339474,044ef0c5-a3cc-4909-be72-34555fbbf11c,research,false,843,"51st Ave NE, Seattle, WA, US",47.6578333333,-122.27323,3,,,,3,,open,false,,,,King,American Crow,Corvus brachyrhynchos,American Crow,Aves,8021
323489771,7c2a4533-5b1d-41e7-99ad-57efaf0a4acf,research,false,333,Seattle,47.6654319763,-122.3972702026,3,,,,3,,open,false,,,,King,American Crow,Corvus brachyrhynchos,American Crow,Aves,8021
323513141,d23c400b-362d-47ab-ba6b-8d44bc6886ac,research,false,843,"Juanita Dr NE, Kirkland, WA, US",47.7216383333,-122.2372883333,450,,,,450,,open,false,,,,King,American Crow,Corvus brachyrhynchos,American Crow,Aves,8021
323586050,8ecc71d4-b452-4c01-be61-23e602addd5a,research,false,843,"NE Marymoor Way, Redmond, WA, US",47.6597866667,-122.1173166667,4,,,,4,,open,false,,,,King,American Crow,Corvus brachyrhynchos,American Crow,Aves,8021
323727940,a3dd8923-3605-4a4d-b6a0-b87eed411a9d,research,false,843,"Spokane Ln, Seattle, WA, US",47.6560868975,-122.3093016354,16,,,,16,,open,false,,,,King,American Crow,Corvus brachyrhynchos,American Crow,Aves,8021
323737612,99112da9-4aad-4b0f-ba9f-3c697faf5d3a,research,false,,"Rainier Valley, Seattle, WA, USA",47.5509083333,-122.2578305556,5,,,,5,,open,false,,,,King,American Crow,Corvus brachyrhynchos,American Crow,Aves,8021
323910601,0cb88f01-30e0-4aaa-b7a4-6649ceeb5d0a,research,false,843,"8th Ave, Seattle, WA, US",47.60833,-122.328055,3,,,,3,,open,false,,,,King,American Crow,Corvus brachyrhynchos,American Crow,Aves,8021
323911452,67e5da20-d7f6-44fd-9150-809db6102d45,research,false,2,"Stevens Way & Okanogan Ln, Seattle, WA 98195, USA",47.6516432246,-122.3081761971,1935,,,,1935,,open,false,gps,gps,,King,American Crow,Corvus brachyrhynchos,American Crow,Aves,8021
323934707,6a20dccb-7c22-48eb-a47f-79149df23359,research,false,,"Seattle, WA, USA",47.7115003373,-122.3800092069,2,,,,2,,open,false,,,,King,American Crow,Corvus brachyrhynchos,American Crow,Aves,8021
324055578,7c6ada64-eac5-4f59-9087-270873593aad,research,false,843,"NE Garfield Pl, Seattle, WA, US",47.6514819216,-122.308696472,314,,,,314,,open,false,,,,King,American Crow,Corvus brachyrhynchos,American Crow,Aves,8021
324066571,1ca6ef0b-0e05-430c-a9d2-98b09e9bd9c3,research,false,843,"Bellevue Way NE, Bellevue, WA, US",47.6172809221,-122.2020934811,58,,,,58,,open,false,,,Bellevue City Limits,King,American Crow,Corvus brachyrhynchos,American Crow,Aves,8021
324068370,f3b1b602-e6ad-406c-af8f-47488165e3d0,research,false,3,"NE 121st Pl, Kirkland, WA, US",47.7096973113,-122.2269741634,81,,,,81,,open,false,,,,King,American Crow,Corvus brachyrhynchos,American Crow,Aves,8021
324133970,51616226-ebbd-4cf2-ab83-35b3ac347657,research,false,843,"NE Windermere Rd, Seattle, WA, US",47.6786,-122.2484533333,3,,,,3,,open,false,,,,King,American Crow,Corvus brachyrhynchos,American Crow,Aves,8021
324148446,df180348-fcf8-4739-a026-d7d8014b9b1b,research,false,3,"SW 152nd St, Burien, WA, US",47.4672853714,-122.3378777943,20,,,,20,,open,false,,,Burien City Limits,King,American Crow,Corvus brachyrhynchos,American Crow,Aves,8021
324241730,4b9e9963-10c4-4d69-a84c-cdf2dde744de,research,false,3,"Sakuma Viewpoint, Seattle, WA, US",47.6518333333,-122.31478,4,,,,4,,open,false,,,,King,American Crow,Corvus brachyrhynchos,American Crow,Aves,8021
324405042,f19900b5-b965-4623-b533-9de797da3875,research,false,3,"N 68th St, Seattle, WA, US",47.6786416667,-122.3511966667,4,,,,4,,open,false,,,,King,American Crow,Corvus brachyrhynchos,American Crow,Aves,8021
324415339,e31f2412-d95a-4354-8f28-476f50a6dfd1,research,false,2,"Broadview, Seattle, WA, USA",47.7125833333,-122.3793166667,,,,,,,open,false,gps,gps,,King,American Crow,Corvus brachyrhynchos,American Crow,Aves,8021
324447943,6aca4416-f500-4199-9b04-ca429c072cbe,research,false,843,"International Blvd, SeaTac, WA, US",47.42768,-122.293245,2,,,,2,,open,false,,,Seatac City Limits,King,American Crow,Corvus brachyrhynchos,American Crow,Aves,8021
324604041,d7c8e8f5-2e81-4a39-a086-d8e66fc861ca,research,false,,"North Rose Hill, Kirkland, WA, USA",47.6795027778,-122.1716055556,,,,,,,open,false,,,,King,American Crow,Corvus brachyrhynchos,American Crow,Aves,8021
324785062,33e8d972-1fe8-4a2c-8cc4-55ec7d3cdfca,research,false,,"University of Washington, Seattle, WA, USA",47.6527666871,-122.2995672262,8,,,,8,,open,false,,,,King,American Crow,Corvus brachyrhynchos,American Crow,Aves,8021
324791032,68be0c9b-3605-4b1c-ade2-df93c8b16bea,research,false,2,"Pike Place Market, Seattle, WA, USA",47.608529,-122.345488,,,,,,,open,false,gps,gps,,King,American Crow,Corvus brachyrhynchos,American Crow,Aves,8021
324987304,792e1016-a12e-4489-9bc6-4de41db047a6,research,false,,"Cedar River Mouth, Renton, WA, USA",47.499768728,-122.2149428503,21,,,,21,,open,false,,,Renton City Limits,King,American Crow,Corvus brachyrhynchos,American Crow,Aves,8021
325067636,dc52c3e6-c9ae-4f88-b7d0-5e176f1816a4,research,false,3,"University of Washington, Seattle, WA, US",47.6513241727,-122.3085597191,20,,,,20,,open,false,,,,King,American Crow,Corvus brachyrhynchos,American Crow,Aves,8021
325087062,ec1c98d8-d7fa-4f77-8738-b0e723110553,research,false,,"Seattle, WA, USA",47.7121265095,-122.3799450141,100,,,,100,,open,false,,,,King,American Crow,Corvus brachyrhynchos,American Crow,Aves,8021
325430429,0981dd28-3768-4f8c-bbf9-fed7ef09fa59,research,false,843,"NE Juanita Dr, Kirkland, WA, US",47.70538,-122.214295,8,,,,8,,open,false,,,,King,American Crow,Corvus brachyrhynchos,American Crow,Aves,8021
325774402,0e9364e2-86f4-45e6-9371-88571faa8daf,research,false,843,"Green River Trail, Kent, WA, US",47.3616713332,-122.2265473269,167,,,,167,,open,false,,,,King,American Crow,Corvus brachyrhynchos,American Crow,Aves,8021
325785229,6d6c2855-e39b-4a45-a513-445570bd1594,research,false,2,"Broadview, Seattle, WA, USA",47.7115769366,-122.376832366,64,,,,64,,open,false,gps,gps,,King,American Crow,Corvus brachyrhynchos,American Crow,Aves,8021
325785420,9bee277a-57d9-44ab-9459-c38926516ba1,research,false,2,"Broadview, Seattle, WA, USA",47.7115564075,-122.3765128478,70,,,,70,,open,false,gps,gps,,King,American Crow,Corvus brachyrhynchos,American Crow,Aves,8021
325943963,f2acdcee-a51c-4c7b-8aef-ddbec82aa26c,research,false,2,"Lake Hills, Bellevue, WA, USA",47.6034277778,-122.1413527778,,,,,,,open,false,gps,gps,Bellevue City Limits,King,American Crow,Corvus brachyrhynchos,American Crow,Aves,8021
325985713,d15c7490-ee35-4add-ad3b-7ee6d6100e98,research,false,3,"University of Washington, Seattle, WA, US",47.6511533333,-122.3081366667,8,,,,8,,open,false,,,,King,American Crow,Corvus brachyrhynchos,American Crow,Aves,8021
326061704,d32b7112-1d29-4b6d-8de7-f195475ce6d5,research,false,843,"Magnuson Park, Seattle WA, WA, US",47.6817453567,-122.2551702887,,,,,,,open,false,,,,King,American Crow,Corvus brachyrhynchos,American Crow,Aves,8021
326141727,6dcd9b93-b337-4a7f-bf93-3c64392e017b,research,false,2,"Holman Rd NW & 9th Ave NW, Seattle, WA 98117, USA",47.7001490757,-122.3710263893,25,,,,25,,open,false,gps,gps,,King,American Crow,Corvus brachyrhynchos,American Crow,Aves,8021
326263394,e6bcf34d-17ef-4c82-bd9c-9d9da4adf595,research,false,843,"15th Ave NE, Seattle, WA, US",47.6558383333,-122.3114866667,,,,,,,open,false,,,,King,American Crow,Corvus brachyrhynchos,American Crow,Aves,8021
326440287,7c072856-abdc-4b8d-a12c-b11e682e3e17,research,false,,"University District, Seattle, WA 98105, USA",47.6607554677,-122.3146637429,61,,,,61,,open,false,,,,King,American Crow,Corvus brachyrhynchos,American Crow,Aves,8021
326667963,89ddeb2e-53d6-404c-b5dd-5912fc639286,research,false,3,"1st Ave, Seattle, WA, US",47.6166484597,-122.3526701065,12,,,,12,,open,false,,,,King,American Crow,Corvus brachyrhynchos,American Crow,Aves,8021
326832099,2525850f-c265-4727-8aa2-830b7bd8b866,research,false,843,"NE 182nd Ct, Bothell, WA, US",47.7588453485,-122.195833752,3,,,,3,,open,false,,,Bothell City Limits,King,American Crow,Corvus brachyrhynchos,American Crow,Aves,8021
327016949,1be9e671-e3e1-4f06-ba08-c1a3611bedba,research,false,843,"Kirkland, WA, US",47.6981466667,-122.213645,,,,,,,open,false,,,,King,American Crow,Corvus brachyrhynchos,American Crow,Aves,8021
327065801,402b149c-6b36-4f0d-834a-a8813f1a3fa4,research,false,,"University of Washington, Seattle, WA, USA",47.6522361111,-122.3113638889,16,,,,16,,open,false,,,,King,American Crow,Corvus brachyrhynchos,American Crow,Aves,8021
327175397,7d688626-75fe-4bfb-a3ee-d3bf35eaa842,research,false,,"Market, Kirkland, WA 98033, USA",47.6959861942,-122.21223279,43,,,,43,,open,false,,,,King,American Crow,Corvus brachyrhynchos,American Crow,Aves,8021
327284746,c25f6418-9ca6-4b09-a239-757b57a6b417,research,false,843,"King County, US-WA, US",47.6375,-122.329475,14,,,,14,,open,false,,,,King,American Crow,Corvus brachyrhynchos,American Crow,Aves,8021
327285782,6d27fb76-56db-43de-b80c-ceda796d2640,research,false,2,"15th Ave NE & NE 40th St, Seattle, WA 98105, USA",47.65498499,-122.31162905,6,,,,6,,open,false,,,,King,American Crow,Corvus brachyrhynchos,American Crow,Aves,8021
327432220,6c934175-3ece-4e4d-9db4-0b8ca0d48feb,research,false,843,"King County, US-WA, US",47.5794649451,-122.4089794793,3,,,,3,,open,false,,,,King,American Crow,Corvus brachyrhynchos,American Crow,Aves,8021
327433711,c338bb30-a333-4c8d-912d-877be979f890,research,false,2,"Densmore Ave N & N 122nd St, Seattle, WA 98133, USA",47.7153797,-122.33782674,7,,,,7,,open,false,,,,King,American Crow,Corvus brachyrhynchos,American Crow,Aves,8021
327712008,6a0affa8-7795-4a08-8e1f-8c0fc26cd8b5,research,false,333,Seattle,47.6580886841,-122.3087844849,5,,,,5,,open,false,,,,King,American Crow,Corvus brachyrhynchos,American Crow,Aves,8021
327733497,4431e371-c61f-43ce-8f1d-f513e588f42c,research,false,843,"California Ave SW, Seattle, WA, US",47.558055,-122.3867716667,17,,,,17,,open,false,,,,King,American Crow,Corvus brachyrhynchos,American Crow,Aves,8021
327746798,c05adae4-3e87-4ee3-b6c3-c954c54a3a56,research,false,2,"Holman Rd NW & 13th Ave NW, Seattle, WA 98117, USA",47.6963872224,-122.3723222315,23,,,,23,,open,false,gps,gps,,King,American Crow,Corvus brachyrhynchos,American Crow,Aves,8021
327749151,874ac8f3-a5e8-49f1-a2c6-097aa8ae883a,research,false,2,"Broadview, Seattle, WA, USA",47.71155167,-122.3772886768,39,,,,39,,open,false,gps,gps,,King,American Crow,Corvus brachyrhynchos,American Crow,Aves,8021
327766793,e9e8f09f-1285-49cd-89f3-ea01d997cf58,research,false,2,"Washington, US",47.5858781088,-122.257445073,638,,,,26839,obscured,open,true,gps,gps,,King,American Crow,Corvus brachyrhynchos,American Crow,Aves,8021
327775614,4c640441-3c6f-465a-8c21-9c7667ea3da9,research,false,843,"NW Carkeek Park Rd, Seattle, WA, US",47.7126166667,-122.3789,13,,,,13,,open,false,,,,King,American Crow,Corvus brachyrhynchos,American Crow,Aves,8021
327802298,c99cda6d-e6e5-4a8c-b503-efd580e7dc1a,research,false,3,"NE 89th St, Seattle, WA, US",47.6930883333,-122.3235866667,3,,,,3,,open,false,,,,King,American Crow,Corvus brachyrhynchos,American Crow,Aves,8021
327980114,4af9e772-c668-4bea-ac17-9db883c04dfc,research,false,,"Broadview, Seattle, WA, USA",47.7117904136,-122.3794335914,5,,,,5,,open,false,,,,King,American Crow,Corvus brachyrhynchos,American Crow,Aves,8021
328072086,2bf7b16b-a867-49f7-9988-913f22cd0c21,research,false,843,"NW 85th St, Seattle, WA, US",47.6909616667,-122.3635333333,14,,,,14,,open,false,,,,King,American Crow,Corvus brachyrhynchos,American Crow,Aves,8021
328114155,8da6aaa8-8120-4e3f-a90a-ecce885eeafe,research,false,2,"Seattle Waterfront, Seattle, WA, USA",47.6036924757,-122.3387265578,3,,,,3,,open,false,,,,King,American Crow,Corvus brachyrhynchos,American Crow,Aves,8021
328127860,be04135d-e4a5-4c7c-b032-4052b43663c6,research,false,3,"Warren G. Magnuson Park, Seattle, WA, US",47.6797935295,-122.2479144788,20,,,,20,,open,false,,,,King,American Crow,Corvus brachyrhynchos,American Crow,Aves,8021
328689360,8b52714a-6b85-45be-a917-7da2ebef5d4a,research,false,3,"E Shelby St, Seattle, WA, US",47.64642,-122.301605,9,,,,9,,open,false,,,,King,American Crow,Corvus brachyrhynchos,American Crow,Aves,8021
328823210,327f9aa2-e558-4ff5-9e2b-291b3a7726a9,research,false,,"King, Washington, United States",47.6606366333,-122.1131899833,,,,,,,open,false,,,,King,American Crow,Corvus brachyrhynchos,American Crow,Aves,8021
328832619,8f0b4a75-574a-4c6a-997e-67dc69c46fb8,research,false,843,"S 166th St, SeaTac, WA, US",47.4547216667,-122.29508,635,,,,635,,open,false,,,Seatac City Limits,King,American Crow,Corvus brachyrhynchos,American Crow,Aves,8021
328832635,8d4474de-4ac5-4ca0-a46b-3c5fc94d9a30,research,false,843,"I-405 N, Renton, WA, US",47.48257,-122.1977916667,2,,,,2,,open,false,,,Renton City Limits,King,American Crow,Corvus brachyrhynchos,American Crow,Aves,8021
328940416,b2d4fae8-c29d-433f-9eb2-25c25a29d8db,research,false,2,"14th Ave NW & NW 103rd St, Seattle, WA 98177, USA",47.7048424932,-122.3769822344,51,,,,51,,open,false,gps,gps,,King,American Crow,Corvus brachyrhynchos,American Crow,Aves,8021
329403086,36840081-9a02-4b13-b469-79b9a7e19bb0,research,false,843,"NE 132nd St, Kirkland, WA, US",47.7191466667,-122.20945,11,,,,11,,open,false,,,,King,American Crow,Corvus brachyrhynchos,American Crow,Aves,8021
329405619,d3004b7e-e617-496c-afe5-6949dabe2af6,research,false,,"King County, US-WA, US",47.5739678721,-122.2832963961,10,,,,26839,obscured,open,true,,,,King,American Crow,Corvus brachyrhynchos,American Crow,Aves,8021
329542229,f937b985-ea6d-4636-9d5b-6e8ec8940498,research,false,,"Wallingford, Seattle, WA, USA",47.661431,-122.3363862,1706,,,,1706,,open,false,,,,King,American Crow,Corvus brachyrhynchos,American Crow,Aves,8021
329865961,b09245d1-9cc6-4bd5-8968-ae607691ea02,research,false,3,"University of Washington, Seattle, WA, US",47.6504333333,-122.311425,4,,,,4,,open,false,,,,King,American Crow,Corvus brachyrhynchos,American Crow,Aves,8021
330042915,d056c2df-8955-455e-b1c3-6979919b5934,research,false,2,"Holman Rd NW & 9th Ave NW, Seattle, WA 98117, USA",47.6984745418,-122.3704651371,53,,,,53,,open,false,gps,gps,,King,American Crow,Corvus brachyrhynchos,American Crow,Aves,8021
330247439,0b288c99-97ac-49de-bdbf-9fd48d1b80ef,research,false,3,"University Way NE, Seattle, WA, US",47.6570641591,-122.3131872431,17,,,,17,,open,false,,,,King,American Crow,Corvus brachyrhynchos,American Crow,Aves,8021
330309891,d996aa93-59d4-4b48-8e25-06ce9f09eb1d,research,false,843,"6th Ave N, Seattle, WA, US",47.6274416667,-122.3454366667,10,,,,10,,open,false,,,,King,American Crow,Corvus brachyrhynchos,American Crow,Aves,8021
330360634,457f731d-fd0b-4364-8ab0-9f4e6151bd8f,research,false,3,"University of Washington, Seattle, WA, US",47.6533283333,-122.3071666667,5,,,,5,,open,false,,,,King,American Crow,Corvus brachyrhynchos,American Crow,Aves,8021
330386307,6400ceb3-8596-4fb6-9eca-e7e87406e196,research,false,2,"15th Ave NE & NE 155th St, Shoreline, WA 98155, USA",47.7396124192,-122.3130715638,7,,,,7,,open,false,gps,gps,,King,American Crow,Corvus brachyrhynchos,American Crow,Aves,8021
330387875,3e5eefba-3d88-4cf3-8a42-fe0095d9e6be,research,false,333,Seattle,47.6225967407,-122.2862701416,4,,,,4,,open,false,,,,King,American Crow,Corvus brachyrhynchos,American Crow,Aves,8021
330387882,b3323a1e-d914-4040-8856-a3c179414157,research,false,333,Seattle,47.6224899292,-122.2863540649,33,,,,33,,open,false,,,,King,American Crow,Corvus brachyrhynchos,American Crow,Aves,8021
330601610,ba96ab85-d8b3-418d-9102-7551308a50c1,research,false,2,"NW 85th St & 12th Ave NW, Seattle, WA 98117, USA",47.692536181,-122.3713324964,4,,,,4,,open,false,gps,gps,,King,American Crow,Corvus brachyrhynchos,American Crow,Aves,8021
330602050,999d86a8-f0ed-4a37-b35a-4882887bfb5a,research,false,2,"Holman Rd NW & Mary Ave NW, Seattle, WA 98117, USA",47.6939044447,-122.3721961677,40,,,,40,,open,false,gps,gps,,King,American Crow,Corvus brachyrhynchos,American Crow,Aves,8021
330915668,adb8f727-f2ee-47e9-a37e-7232edc8f13f,research,false,2,"Pioneer Square, Seattle, WA, USA",47.6015950347,-122.3378726095,15,,,,15,,open,false,gps,gps,,King,American Crow,Corvus brachyrhynchos,American Crow,Aves,8021
330978357,e59d69fa-3681-403c-9b95-09029c373e5b,research,false,,"Montlake, Seattle, WA, USA",47.641305631,-122.3118406118,31,,,,31,,open,false,,,,King,American Crow,Corvus brachyrhynchos,American Crow,Aves,8021
331001762,e85638f1-cc67-4093-baff-2d667da5239d,research,false,3,"Seattle Central College, Seattle, WA, US",47.615355,-122.3212583333,4,,,,4,,open,false,,,,King,American Crow,Corvus brachyrhynchos,American Crow,Aves,8021
331113797,4e3c4cc9-a763-4534-9fac-81b2bda3943e,research,false,,"Seattle, WA, USA",47.7118481656,-122.3800236773,1,,,,1,,open,false,,,,King,American Crow,Corvus brachyrhynchos,American Crow,Aves,8021
331182132,ee0712f8-aff9-4b1c-8754-321a92364e54,research,false,,"Seattle, WA, USA",47.6435284296,-122.2973875225,67,,,,67,,open,false,,,,King,American Crow,Corvus brachyrhynchos,American Crow,Aves,8021
331253570,3e7acdbe-a24a-4eeb-8319-f47b2c115c7f,research,false,3,"Starfire Way, Tukwila, WA, US",47.4674916667,-122.2480466667,10,,,,10,,open,false,,,Tukwila City Limits,King,American Crow,Corvus brachyrhynchos,American Crow,Aves,8021
331505078,56481c11-c1eb-45f3-a6f2-8b1d02dda800,research,false,2,"1st Ave N & Republican St, Seattle, WA 98109, USA",47.6234946557,-122.3523541912,119,,,,119,,open,false,gps,gps,,King,American Crow,Corvus brachyrhynchos,American Crow,Aves,8021
331563766,25da44ca-63aa-4810-a02b-cf0872f189f5,research,false,3,"Marymoor Park, Redmond, WA, US",47.6607133333,-122.114525,6,,,,6,,open,false,,,,King,American Crow,Corvus brachyrhynchos,American Crow,Aves,8021
331586915,a05c9844-332b-4136-9a31-fad3ec02ca46,research,false,333,Kent,47.3800735474,-122.2465820313,3,,,,3,,open,false,,,Kent City Limits,King,American Crow,Corvus brachyrhynchos,American Crow,Aves,8021
331599125,5bb149a9-c164-4dd8-978f-06ff51ab0f4f,research,false,2,"14th Ave NW & NW 103rd St, Seattle, WA 98177, USA",47.7042346584,-122.3751888424,53,,,,53,,open,false,gps,gps,,King,American Crow,Corvus brachyrhynchos,American Crow,Aves,8021
331985687,8c08d178-fbe1-4348-b6e1-7e66547bc85e,research,false,843,"Lake Washington Blvd E, Seattle, WA, US",47.6275383333,-122.294075,7,,,,7,,open,false,,,,King,American Crow,Corvus brachyrhynchos,American Crow,Aves,8021
331993526,7bbbb0c8-4a48-4202-b6b1-09f5d9641e91,research,false,843,"SR-522 E, Bothell, WA, US",47.7580833333,-122.1765616667,5,,,,5,,open,false,,,Bothell City Limits,King,American Crow,Corvus brachyrhynchos,American Crow,Aves,8021
332004615,2f2d6515-e688-4173-bf20-12234d5ebbc2,research,false,,"Seattle, WA, USA",47.5907197846,-122.3805897737,151,,,,151,,open,false,,,,King,American Crow,Corvus brachyrhynchos,American Crow,Aves,8021
332171299,bd00b210-aa64-45e4-9c0f-687f9147321b,research,false,2,"15th Ave NW & NW 87th St, Seattle, WA 98117, USA",47.6943587193,-122.3790445179,67,,,,67,,open,false,gps,gps,,King,American Crow,Corvus brachyrhynchos,American Crow,Aves,8021
332171422,9150bf1e-eaf7-43fd-8185-d127a5455475,research,false,2,"Holman Rd NW & 9th Ave NW, Seattle, WA 98117, USA",47.698647165,-122.3706230521,4,,,,4,,open,false,gps,gps,,King,American Crow,Corvus brachyrhynchos,American Crow,Aves,8021
332272807,edc52f92-70c0-4dd8-b0a7-249b3a5c29e9,research,false,2,"Harbor Ave SW & SW Maryland Pl, Seattle, WA 98116, EE. UU.",47.5928146997,-122.3851800997,,,,,,,open,false,gps,gps,,King,Cuervo Norteamericano,Corvus brachyrhynchos,American Crow,Aves,8021
332360309,1dc0b59f-cb06-40a3-8dc2-05f3d259d2f2,research,false,843,"10th Ave W, Seattle, WA, US",47.6438928848,-122.3700762098,1819,,,,1819,,open,false,,,,King,American Crow,Corvus brachyrhynchos,American Crow,Aves,8021
332535274,5d77402f-b019-4ef4-b3ca-81595db0b7c9,research,false,843,"NE 124th St, Kirkland, WA, US",47.7113216667,-122.1891166667,2,,,,2,,open,false,,,,King,American Crow,Corvus brachyrhynchos,American Crow,Aves,8021
332591179,62341a32-7b55-46f2-948d-fb72fec57063,research,false,2,"Broadway & E Pine St, Seattle, WA 98122, USA",47.6161083333,-122.3206888889,,,,,,,open,false,gps,gps,,King,American Crow,Corvus brachyrhynchos,American Crow,Aves,8021
332668020,c145baed-bff0-4d14-b0ac-8e95c1e5f929,research,false,,"Downtown, Redmond, WA 98052, USA",47.676621247,-122.1319424518,4,,,,4,,open,false,,,Redmond City Limits,King,American Crow,Corvus brachyrhynchos,American Crow,Aves,8021
332698196,9ddae0d6-62fa-4221-a85e-b5a378a162c3,research,false,,"Rainier Valley, Seattle, WA, USA",47.5547035844,-122.2514006422,740,,,,740,,open,false,,,,King,American Crow,Corvus brachyrhynchos,American Crow,Aves,8021
332774495,809a93f3-1821-40c0-b596-2c7c5e6d6dd6,research,false,843,"Beach Dr SW, Seattle, WA, US",47.57362,-122.41638,3,,,,3,,open,false,,,,King,American Crow,Corvus brachyrhynchos,American Crow,Aves,8021
332806533,95bba87d-0f7d-400d-9e30-8c5d72dfe693,research,false,,"Warren G. Magnuson Park, 7400 Sand Point Way NE, Seattle, WA 98115, USA",47.6797687,-122.2536022,271,,,,271,,open,false,,,,King,American Crow,Corvus brachyrhynchos,American Crow,Aves,8021
332910872,1289e483-6841-40de-836b-1c76e87496fa,research,false,2,"Holman Rd NW & 9th Ave NW, Seattle, WA 98117, USA",47.6992273102,-122.369842194,86,,,,86,,open,false,gps,gps,,King,American Crow,Corvus brachyrhynchos,American Crow,Aves,8021
333037397,c6e62dbc-de3a-4e7a-8bb4-47ac24cd4f9f,research,false,2,"Ballinger Way NE & 19th Ave NE, Shoreline, WA 98155, USA",47.7758361111,-122.3107055556,,,,,,,open,false,gps,gps,,King,American Crow,Corvus brachyrhynchos,American Crow,Aves,8021
333085152,e9d0887e-cbd3-4288-b97c-7b6cbcacd8db,research,false,,"Lawton Park, Seattle, WA 98199, USA",47.6620510872,-122.4347168096,96,,,,96,,open,false,,,,King,American Crow,Corvus brachyrhynchos,American Crow,Aves,8021
333106434,e1a535f1-3d12-4b8f-be95-5fd57b780c32,research,false,2,"15th Ave NE & NE 43rd St, Seattle, WA 98105, USA",47.6598222222,-122.3101138889,,,,,,,open,false,gps,gps,,King,American Crow,Corvus brachyrhynchos,American Crow,Aves,8021
333106955,166b5581-aff5-416a-8f64-36db8bacc190,research,false,2,"15th Ave NE & NE 43rd St, Seattle, WA 98105, USA",47.6598222222,-122.3101138889,,,,,,,open,false,gps,gps,,King,American Crow,Corvus brachyrhynchos,American Crow,Aves,8021
333112976,670a7c25-56a3-4db9-aa18-dbc8cb0d1197,research,false,2,"Central Plaza Garage, Seattle, WA 98105, USA",47.6558444444,-122.3115694444,,,,,,,open,false,gps,gps,,King,American Crow,Corvus brachyrhynchos,American Crow,Aves,8021
333170972,cfe24aaf-8953-4d33-9225-812a0510e22f,research,false,843,"E Jefferson St, Seattle, WA, US",47.60622,-122.3053283333,3,,,,3,,open,false,,,,King,American Crow,Corvus brachyrhynchos,American Crow,Aves,8021
333184599,fd127843-bce9-487e-940e-05e7d122dcd0,research,false,,"Lawton Park, Seattle, WA 98199, USA",47.6545367576,-122.414785092,111,,,,111,,open,false,,,,King,American Crow,Corvus brachyrhynchos,American Crow,Aves,8021
333221487,72fbbc48-a3f7-426e-a23f-2644fa2274de,research,false,843,"Seattle, WA, US",47.6570133333,-122.292345,13,,,,13,,open,false,,,,King,American Crow,Corvus brachyrhynchos,American Crow,Aves,8021
333225339,aa155584-7561-45dd-93f2-a0ed513f8880,research,false,2,"Richmond Beach, Shoreline, WA 98177, USA",47.7632693617,-122.385498248,72,,,,72,,open,false,gps,gps,,King,American Crow,Corvus brachyrhynchos,American Crow,Aves,8021
333489640,b008a631-560e-4f95-beb5-14631a1c4516,research,false,2,"King County, US-WA, US",47.67971729,-122.24774199,6,,,,6,,open,false,,,,King,American Crow,Corvus brachyrhynchos,American Crow,Aves,8021
333489678,9215400e-022b-47c8-8a03-796c6e5f9cbb,research,false,2,"King County, US-WA, US",47.68106974,-122.2539421,8,,,,8,,open,false,,,,King,American Crow,Corvus brachyrhynchos,American Crow,Aves,8021
334008974,c9d59b4f-d919-4c93-8aa8-cbcc0c8bc054,research,false,2,"Lake Hills, Bellevue, WA, USA",47.6037777778,-122.142125,,,,,,,open,false,gps,gps,Bellevue City Limits,King,American Crow,Corvus brachyrhynchos,American Crow,Aves,8021
334133679,03241b89-ada2-44bf-b43f-7b53a172f06e,research,false,843,"Alaskan Way S, Seattle, WA, US",47.6039116667,-122.3386783333,11,,,,11,,open,false,,,,King,American Crow,Corvus brachyrhynchos,American Crow,Aves,8021
334525713,59f4aa13-2345-4d97-be0c-e06190cd643f,research,false,,"Seattle, WA, USA",47.71133311,-122.3799588202,2,,,,2,,open,false,,,,King,American Crow,Corvus brachyrhynchos,American Crow,Aves,8021
334538389,36f7da28-b2e9-4ad9-b8b9-0705d75971dd,research,false,333,Seattle,47.6227416992,-122.2862930298,3,,,,3,,open,false,,,,King,American Crow,Corvus brachyrhynchos,American Crow,Aves,8021
334538404,8d0969d1-25ee-4b4b-8d8d-60b9733bf718,research,false,333,Seattle,47.6227302551,-122.2862701416,3,,,,3,,open,false,,,,King,American Crow,Corvus brachyrhynchos,American Crow,Aves,8021
334638232,d857cf40-d95c-4ca0-a1eb-887cee21d7a2,research,false,843,"Airport Way S, Seattle, WA, US",47.5794616667,-122.3210616667,27,,,,27,,open,false,,,,King,American Crow,Corvus brachyrhynchos,American Crow,Aves,8021
334643296,488a1d95-b329-4ed9-b79e-2cf82f08a54d,research,false,843,"Magnolia Connector, Seattle, WA, US",47.66508,-122.3991083333,9,,,,9,,open,false,,,,King,American Crow,Corvus brachyrhynchos,American Crow,Aves,8021
334849275,d2cfbcbf-0a44-47e8-be72-fdd057161fdb,research,false,3,"Denny Way, Seattle, WA, US",47.6185614259,-122.353989163,29,,,,29,,open,false,,,,King,American Crow,Corvus brachyrhynchos,American Crow,Aves,8021
335117912,9d149dca-75d2-401a-8bd8-19922b9beadd,research,false,843,"Sr-520 Trail, Seattle, WA, US",47.6464215049,-122.2919859986,37,,,,37,,open,false,,,,King,American Crow,Corvus brachyrhynchos,American Crow,Aves,8021
335117997,cd7159d6-9e68-4345-ad3b-c5272e4a06af,research,false,2,"University of Washington, Seattle, WA, USA",47.6578213277,-122.2879543528,31,,,,31,,open,false,gps,gps,,King,American Crow,Corvus brachyrhynchos,American Crow,Aves,8021
335118263,d4131cc1-9d15-4702-8369-e3dc4565e6d8,research,false,843,"Sr-520 Trail, Seattle, WA, US",47.6464581931,-122.2928286418,33,,,,33,,open,false,,,,King,American Crow,Corvus brachyrhynchos,American Crow,Aves,8021
335136523,727824d2-6b85-4ee6-8320-c9d18eecd83a,research,false,,"North Queen Anne, Seattle, WA, USA",47.6446683495,-122.3594630773,6704,,,,6704,,open,false,,,,King,American Crow,Corvus brachyrhynchos,American Crow,Aves,8021
335136703,f7041371-1e0d-4687-a1de-7ce89914b638,research,false,,"North Queen Anne, Seattle, WA, USA",47.6446683495,-122.3594630773,6704,,,,6704,,open,false,,,,King,American Crow,Corvus brachyrhynchos,American Crow,Aves,8021
335172805,8dd42ef8-f0e8-485a-a742-19c158ab3bd3,research,false,,"Southeast Redmond, Redmond, WA 98052, USA",47.6599800967,-122.1100275067,,,,,,,open,false,,,,King,American Crow,Corvus brachyrhynchos,American Crow,Aves,8021
335236327,a964d74a-d2ec-4a9b-9cd9-5bb2fdddc534,research,false,2,"W Mcgraw St & 32nd Ave W, Seattle, WA 98199, USA",47.6392805556,-122.3969194444,,,,,,,open,false,gps,gps,,King,American Crow,Corvus brachyrhynchos,American Crow,Aves,8021
335433469,312df9d0-daac-4f0b-9a98-35568f824662,research,false,2,"Seattle Pier 66, Seattle, WA 98121, USA",47.6125638889,-122.3490611111,,,,,,,open,false,gps,gps,,King,American Crow,Corvus brachyrhynchos,American Crow,Aves,8021
335438229,712964f7-ccd7-49a0-9866-566764f023a1,research,false,3,"Van Doren's Landing Park, Kent, WA, US",47.404655,-122.27063,,,,,,,open,false,,,Kent City Limits,King,American Crow,Corvus brachyrhynchos,American Crow,Aves,8021
335599006,78e62440-3069-43b8-a35b-1f4a5eb777b4,research,false,,"Seattle, WA, USA",47.6793584117,-122.2417800026,8902,,,,8902,,open,false,,,,King,American Crow,Corvus brachyrhynchos,American Crow,Aves,8021
335617836,7e284264-4003-4a3b-b1af-751352918905,research,false,2,"Aurora Ave N & N 185th St, Shoreline, WA 98133, USA",47.7630555556,-122.3465694444,,,,,,,open,false,gps,gps,,King,American Crow,Corvus brachyrhynchos,American Crow,Aves,8021
335619878,22eb5a3f-1c7f-4034-967d-78ddc937b3a3,research,false,2,"Aurora Ave N & N 185th St, Shoreline, WA 98133, USA",47.7622777778,-122.3473555556,,,,,,,open,false,gps,gps,,King,American Crow,Corvus brachyrhynchos,American Crow,Aves,8021
335644066,85602a57-2475-48a5-9021-74f7cc440dd9,research,false,2,"NE 45th St & 17th Ave NE, Seattle, WA 98105, USA",47.6611964945,-122.309930441,66,,,,66,,open,false,,,,King,American Crow,Corvus brachyrhynchos,American Crow,Aves,8021
335652533,e3dc786e-5279-46b5-8409-560d4338f76b,research,false,2,"SEA N Concourse, SeaTac, WA 98158, USA",47.4491444444,-122.3036111111,,,,,,,open,false,gps,gps,Seatac City Limits,King,American Crow,Corvus brachyrhynchos,American Crow,Aves,8021
335742133,7d9a12a7-bd3f-40f1-bfd6-51dcaae840c0,research,false,843,"E Stevens Way NE, Seattle, WA, US",47.6581292457,-122.3075323532,7,,,,7,,open,false,,,,King,American Crow,Corvus brachyrhynchos,American Crow,Aves,8021
335755957,d36b5749-9742-4883-a886-5da663983238,research,false,843,"Brooklyn Ave NE, Seattle, WA, US",47.6526770804,-122.3146760284,21,,,,21,,open,false,,,,King,American Crow,Corvus brachyrhynchos,American Crow,Aves,8021
335761285,f29b27e5-8015-4dff-8924-192128474f60,research,false,843,"NE Skagit Ln, Seattle, WA, US",47.656232321,-122.3071173084,14,,,,14,,open,false,,,,King,American Crow,Corvus brachyrhynchos,American Crow,Aves,8021
335770469,04cd70a7-7927-417c-9fd7-345b73c86976,research,false,2,"Stevens Way & Pend Oreille Rd, Seattle, WA 98105, USA",47.6575837797,-122.3047291394,22,,,,22,,open,false,,,,King,American Crow,Corvus brachyrhynchos,American Crow,Aves,8021
335843578,3e560649-41be-4ac9-a3e9-35b81c8e62c8,research,false,3,"20th Ave NE, Seattle, WA, US",47.7233423748,-122.3057591053,20,,,,20,,open,false,,,,King,American Crow,Corvus brachyrhynchos,American Crow,Aves,8021
335850947,19d5ac2d-0f02-4cf6-8464-671f54cfe833,research,false,3,"University of Washington, Seattle, WA, US",47.6571429754,-122.3071893119,5,,,,5,,open,false,,,,King,American Crow,Corvus brachyrhynchos,American Crow,Aves,8021
335851951,2cbf7f5b-2f80-4109-81a6-125daf7bd526,research,false,2,"Broadview, Seattle, WA, USA",47.7115597914,-122.3783689365,19,,,,19,,open,false,gps,gps,,King,American Crow,Corvus brachyrhynchos,American Crow,Aves,8021
335857583,bdeed798-2366-4bec-9686-39f83a661dc5,research,false,843,"NE Skagit Ln, Seattle, WA, US",47.6575172192,-122.3064861587,7,,,,7,,open,false,,,,King,American Crow,Corvus brachyrhynchos,American Crow,Aves,8021
335869511,e16b9ff8-55c4-4348-b081-bd869a482205,research,false,333,SeaTac,47.4348526001,-122.2763214111,6,,,,6,,open,false,,,Seatac City Limits,King,American Crow,Corvus brachyrhynchos,American Crow,Aves,8021
335872638,93fa8959-bce7-46ec-8e19-50a8e87d2e70,research,false,843,"NE Boat St, Seattle, WA, US",47.6520627462,-122.3151371608,2,,,,2,,open,false,,,,King,American Crow,Corvus brachyrhynchos,American Crow,Aves,8021
335878026,5f241a73-f43f-4ac3-a682-80a1c1199bef,research,false,843,"35th Ave SW, Seattle, WA, US",47.5555571056,-122.3723143713,272,,,,272,,open,false,,,,King,American Crow,Corvus brachyrhynchos,American Crow,Aves,8021
335888538,815553dc-87b5-47d8-a854-179b27ce9a0c,research,false,2,"15th Ave NE & NE 40th St, Seattle, WA 98105, USA",47.6551118726,-122.3118020408,14,,,,14,,open,false,,,,King,American Crow,Corvus brachyrhynchos,American Crow,Aves,8021
335891250,d76e1f14-457f-48ca-b0f8-e5d40cb92e75,research,false,3,"S Graham St, Seattle, WA, US",47.5460616667,-122.26763,4,,,,4,,open,false,,,,King,American Crow,Corvus brachyrhynchos,American Crow,Aves,8021
335893588,3004f7a2-ab34-4bb1-8152-8b6a4b97c38d,research,false,843,"George Washington Ln, Seattle, WA, US",47.6577594644,-122.3111300637,14,,,,14,,open,false,,,,King,American Crow,Corvus brachyrhynchos,American Crow,Aves,8021
335893597,dd0bd436-5664-4fdc-8a28-ba49b1154428,research,false,843,"George Washington Ln, Seattle, WA, US",47.6573004295,-122.3107544706,3,,,,3,,open,false,,,,King,American Crow,Corvus brachyrhynchos,American Crow,Aves,8021
335912710,8b42ca91-3230-4a01-b065-bae70c5fa38d,research,false,843,"16th Ave NE, Seattle, WA, US",47.6647442187,-122.3107811902,52,,,,52,,open,false,,,,King,American Crow,Corvus brachyrhynchos,American Crow,Aves,8021
335974330,37cd3b23-d57b-43a2-8d28-3791d3c32d2f,research,false,843,"W Meeker St, Kent, WA, US",47.3818615839,-122.2389515963,9,,,,9,,open,false,,,Kent City Limits,King,American Crow,Corvus brachyrhynchos,American Crow,Aves,8021
336040757,0cd11488-17d1-4122-831c-50a454cd3255,research,false,2,"Phinney Ridge, Seattle, WA, USA",47.6728683049,-122.3488425091,242,,,,242,,open,false,gps,gps,,King,American Crow,Corvus brachyrhynchos,American Crow,Aves,8021
336120682,0e2a075b-0c9b-4c9d-8296-390c508b21f1,research,false,,"Kennydale, Renton, WA 98056, USA",47.5104591503,-122.2035458645,7,,,,7,,open,false,,,Renton City Limits,King,American Crow,Corvus brachyrhynchos,American Crow,Aves,8021
336141403,5badf32d-f866-4e70-84a4-23738ca8824c,research,false,2,"King County, US-WA, US",47.472112657,-122.3825468718,,,,,26839,obscured,open,true,gps,gps,,King,American Crow,Corvus brachyrhynchos,American Crow,Aves,8021
336484987,46c4511c-4079-47e9-9b6f-a8defc4053ec,research,false,843,"N 83rd St, Seattle, WA, US",47.6891883333,-122.3533383333,3,,,,3,,open,false,,,,King,American Crow,Corvus brachyrhynchos,American Crow,Aves,8021
336602735,e0ece7ae-87df-4344-94fe-88d4edc5807f,research,false,3,"University of Washington, Seattle, WA, US",47.6541216667,-122.3072666667,10,,,,10,,open,false,,,,King,American Crow,Corvus brachyrhynchos,American Crow,Aves,8021
336700372,c401be07-df39-46bb-af6d-c34969ca38d5,research,false,843,"Eastlake Ave E, Seattle, WA, US",47.6275216667,-122.329155,4,,,,4,,open,false,,,,King,American Crow,Corvus brachyrhynchos,American Crow,Aves,8021
336707502,4df2f0cc-d03e-4fc6-926c-78f762fdf2a2,research,false,,"Seattle, WA, USA",47.7115048387,-122.3799325914,50,,,,50,,open,false,,,,King,American Crow,Corvus brachyrhynchos,American Crow,Aves,8021
336765088,ee923c82-190a-4653-a247-a46e2f8fc004,research,false,3,"University of Washington, Seattle, WA, US",47.6564616667,-122.29412,4,,,,4,,open,false,,,,King,American Crow,Corvus brachyrhynchos,American Crow,Aves,8021
336981883,55c65319-6e77-41de-9434-603be1799675,research,false,,"King, Washington, United States",47.56423165,-122.4068699833,,,,,,,open,false,,,,King,American Crow,Corvus brachyrhynchos,American Crow,Aves,8021
337003163,613cf8e3-afbd-4ee6-9f0a-7fdc10b382cd,research,false,,"University District, Seattle, WA 98105, USA",47.6617611111,-122.3132083333,65,,,,65,,open,false,,,,King,American Crow,Corvus brachyrhynchos,American Crow,Aves,8021
337014226,d15c6be6-440b-4dbe-ae0d-3d1366f2179a,research,false,843,"W Commodore Way, Seattle, WA, US",47.66492,-122.3984916667,13,,,,13,,open,false,,,,King,American Crow,Corvus brachyrhynchos,American Crow,Aves,8021
337141326,13ecb7bf-4a41-4452-b00a-f95c627a66be,research,false,3,"Van Doren's Landing Park, Kent, WA, US",47.4037633333,-122.2735216667,,,,,,,open,false,,,Kent City Limits,King,American Crow,Corvus brachyrhynchos,American Crow,Aves,8021
337150191,18bcc778-c0e8-4a86-9596-b18f60999a90,research,false,2,"S 144th St & Pacific Hwy S, Tukwila, WA 98168, USA",47.4746609997,-122.2858947,,,,,,,open,false,gps,gps,Tukwila City Limits,King,American Crow,Corvus brachyrhynchos,American Crow,Aves,8021
337174348,38a60d0d-7539-49f2-a61b-c10f71880ac5,research,false,2,"Pioneer Square, Seattle, WA, USA",47.6022938143,-122.3389233649,7,,,,7,,open,false,gps,gps,,King,American Crow,Corvus brachyrhynchos,American Crow,Aves,8021
337566239,5170c45d-41cf-4237-aabb-a44d6183049a,research,false,2,"Broadview, Seattle, WA, USA",47.7123015424,-122.3794646189,9,,,,9,,open,false,gps,gps,,King,American Crow,Corvus brachyrhynchos,American Crow,Aves,8021
337584902,a9a659b3-1f70-491a-83db-84330589f8c8,research,false,2,"King County, US-WA, US",47.72476352,-122.34879188,6,,,,6,,open,false,,,,King,American Crow,Corvus brachyrhynchos,American Crow,Aves,8021
337698483,2603cb73-0aed-4e09-9d79-a708dbeb7a93,research,false,2,"Lawton Park, Seattle, WA 98199, USA",47.6573866079,-122.4139792845,54,,,,54,,open,false,gps,gps,,King,American Crow,Corvus brachyrhynchos,American Crow,Aves,8021
337715515,9f67cd7d-5a10-47b2-a968-f154e9916b7c,research,false,3,"E Pike St, Seattle, WA, US",47.61395,-122.3195583333,14,,,,14,,open,false,,,,King,American Crow,Corvus brachyrhynchos,American Crow,Aves,8021
337844476,e39b6ba2-3eb9-42a2-bd63-4c073ad44e5c,research,false,843,"Seattle, WA, US",47.6232716667,-122.3511966667,5,,,,5,,open,false,,,,King,American Crow,Corvus brachyrhynchos,American Crow,Aves,8021
338006736,c570bbd8-412d-4622-a990-4e30e6dbbbf0,research,false,2,"Seattle Waterfront, Seattle, WA, USA",47.6031752443,-122.3382518068,14,,,,14,,open,false,gps,gps,,King,American Crow,Corvus brachyrhynchos,American Crow,Aves,8021
338472916,8c9df5cb-c130-4b38-bd14-2acc7047b51f,research,false,2,"North Beach/Blue Ridge, Seattle, WA, USA",47.6978564783,-122.3801049963,19,,,,19,,open,false,gps,gps,,King,American Crow,Corvus brachyrhynchos,American Crow,Aves,8021
338632315,143d657f-d8b9-463c-9fd0-0246e62da4f8,research,false,843,"NE 46th St, Seattle, WA, US",47.6618583333,-122.298295,13,,,,13,,open,false,,,,King,American Crow,Corvus brachyrhynchos,American Crow,Aves,8021
338800070,f05f7d6b-cf93-4036-b8eb-9e5af0b8b1f3,research,false,3,"S Prentice St, Seattle, WA, US",47.5082083333,-122.2550283333,3,,,,3,,open,false,,,,King,American Crow,Corvus brachyrhynchos,American Crow,Aves,8021
338853956,217e334e-c577-40c2-a7b8-c615a91c15e2,research,false,843,"George Washington Ln, Seattle, WA, US",47.656005,-122.3098966667,100,,,,100,,open,false,,,,King,American Crow,Corvus brachyrhynchos,American Crow,Aves,8021
339093030,70f43651-675b-43c5-aa15-c17704872dc6,research,false,,"King County, US-WA, US",47.4625227239,-122.3569180059,4,,,,26839,obscured,open,true,,,,King,American Crow,Corvus brachyrhynchos,American Crow,Aves,8021
339093036,72793797-b142-4da8-b509-9834b261994b,research,false,,"King County, US-WA, US",47.5609004743,-122.2998309212,4,,,,26839,obscured,open,true,,,,King,American Crow,Corvus brachyrhynchos,American Crow,Aves,8021
339093048,ce4667cf-efe7-4d26-a0d2-3eea6117107c,research,false,,"Kent, WA, USA",47.4023613414,-122.2520440784,15,,,,15,,open,false,,,Kent City Limits,King,American Crow,Corvus brachyrhynchos,American Crow,Aves,8021
339099596,837eeb72-7cca-421c-b860-a200dd89c83c,research,false,843,"Lake St S, Kirkland, WA, US",47.6741416667,-122.2071916667,8,,,,8,,open,false,,,,King,American Crow,Corvus brachyrhynchos,American Crow,Aves,8021
339199963,5e72087e-2031-4336-bbd7-dc3dc1ee950c,research,false,333,Seattle,47.6235694885,-122.3197250366,6,,,,6,,open,false,,,,King,American Crow,Corvus brachyrhynchos,American Crow,Aves,8021
339201099,81bc1d45-d79a-4a78-909c-3058be392ac5,research,false,3,"Brooklyn Ave NE, Seattle, WA, US",47.6592333333,-122.3144833333,17,,,,17,,open,false,,,,King,American Crow,Corvus brachyrhynchos,American Crow,Aves,8021
339216675,024047e6-04ad-4700-a9bc-c65776cff864,research,false,2,"15th Ave E & E Highland Dr, Seattle, WA 98112, USA",47.6309242,-122.3155002,,,,,,,open,false,gps,gps,,King,American Crow,Corvus brachyrhynchos,American Crow,Aves,8021
339329078,0452412c-429f-4478-b499-8da4f6188047,research,false,843,"Marymoor Connector Trail, Redmond, WA, US",47.6641912941,-122.1104403784,65,,,,65,,open,false,,,,King,American Crow,Corvus brachyrhynchos,American Crow,Aves,8021
339366372,8f72e308-6333-4b9c-acbf-54450e5f0dc2,research,false,,"Kennydale, Renton, WA 98056, USA",47.5087645391,-122.2026293477,13,,,,13,,open,false,,,Renton City Limits,King,American Crow,Corvus brachyrhynchos,American Crow,Aves,8021
339394932,da5a8f63-d592-4c96-8018-ff0481059d34,research,false,,"Fremont, Seattle, WA, USA",47.6516527778,-122.3451388889,,,,,,,open,false,,,,King,American Crow,Corvus brachyrhynchos,American Crow,Aves,8021
339526613,a0577931-4686-451a-afa2-7af073001e00,research,false,2,"N 135th St & Linden Ave N, Seattle, WA 98133, USA",47.7247610659,-122.3488512263,63,,,,63,,open,false,gps,gps,,King,American Crow,Corvus brachyrhynchos,American Crow,Aves,8021
339586392,762af7d4-bd5d-4062-8428-4a35502d5d97,research,false,2,"8th Ave NW & NW 100th Pl, Seattle, WA 98117, USA",47.7011698809,-122.368644923,20,,,,20,,open,false,gps,gps,,King,American Crow,Corvus brachyrhynchos,American Crow,Aves,8021
339991260,66d8f32e-b848-43de-8a27-215fc00c100c,research,false,,"Interbay, Seattle, WA, USA",47.6280774699,-122.3721031706,84,,,,84,,open,false,,,,King,American Crow,Corvus brachyrhynchos,American Crow,Aves,8021
340060006,c33e072c-9450-4632-8ac0-f695eec8e59b,research,false,3,"Rustic Rd S, Seattle, WA, US",47.5068463572,-122.245698413,9,,,,9,,open,false,,,,King,American Crow,Corvus brachyrhynchos,American Crow,Aves,8021
340060968,db95631e-a431-40f3-a2e4-590a383de62d,research,false,3,"Forest Ave S, Seattle, WA, US",47.507145,-122.2380833333,3,,,,3,,open,false,,,,King,American Crow,Corvus brachyrhynchos,American Crow,Aves,8021
340061340,0c14819c-ca79-4aad-aa8d-830aed83dbd1,research,false,843,"Shoreline, WA, US",47.7556916473,-122.3638071226,14,,,,14,,open,false,,,,King,American Crow,Corvus brachyrhynchos,American Crow,Aves,8021
340096784,339dd5c1-98a7-421f-9a5e-fd1a252f9226,research,false,2,"E Denny Way & Melrose Ave, Seattle, WA 98122, USA",47.6185138889,-122.3281694444,,,,,,,open,false,,,,King,American Crow,Corvus brachyrhynchos,American Crow,Aves,8021
340104626,3b4e56eb-143f-4a15-9f66-9844e7dfb5b3,research,false,2,"Sand Point, Seattle, WA 98115, USA",47.6792129,-122.248186,,,,,,,open,false,gps,gps,,King,American Crow,Corvus brachyrhynchos,American Crow,Aves,8021
340105039,689a72b5-d4e7-48c1-9f4e-35c7a4c37f90,research,false,3,"University of Washington, Seattle, WA, US",47.652355,-122.3163383333,4,,,,4,,open,false,,,,King,American Crow,Corvus brachyrhynchos,American Crow,Aves,8021
340274099,5ce32f48-1443-4146-ad46-dfe1484ed960,research,false,2,"California Ave SW & Erskine Way SW, Seattle, WA 98116, USA",47.5581432997,-122.3876886,,,,,,,open,false,gps,gps,,King,American Crow,Corvus brachyrhynchos,American Crow,Aves,8021
340504185,c64965b7-f812-4e5d-a8ae-33ba3cdbfa9f,research,false,2,"2nd Ave & Lenora St, Seattle, WA 98121, USA",47.6106174124,-122.3457157239,227,,,,227,,open,false,gps,gps,,King,American Crow,Corvus brachyrhynchos,American Crow,Aves,8021
340653923,bab199bb-f8a2-4a6f-88a3-289c0c75cec0,research,false,,"3015 NW 54th St, Seattle, WA 98107, USA",47.6655043,-122.3971838,260,,,,260,,open,false,,,,King,American Crow,Corvus brachyrhynchos,American Crow,Aves,8021
340722290,02e2bcab-92a7-48f4-ae09-b435181afcf6,research,false,,"Sunset Hill, Seattle, WA, USA",47.6917639069,-122.4032340736,50,,,,50,,open,false,,,,King,American Crow,Corvus brachyrhynchos,American Crow,Aves,8021
340795260,7e10546b-0702-4dc5-8ce2-e98935e54e84,research,false,2,"Queen Anne Ave N & Highland Dr, Seattle, WA 98109, USA",47.629979155,-122.3565738089,7,,,,7,,open,false,,,,King,American Crow,Corvus brachyrhynchos,American Crow,Aves,8021
340797556,069f4655-fb1b-4794-89a1-475afc76ca81,research,false,2,"Holman Rd NW & 9th Ave NW, Seattle, WA 98117, USA",47.699057848,-122.3712305725,6,,,,6,,open,false,gps,gps,,King,American Crow,Corvus brachyrhynchos,American Crow,Aves,8021
340885100,893c27e2-269a-4a1e-a65a-f958273793ac,research,false,3,"Luther Burbank Park, Mercer Island, WA, US",47.5879133333,-122.22477,11,,,,11,,open,false,,,,King,American Crow,Corvus brachyrhynchos,American Crow,Aves,8021
340886910,d41243c9-fd7b-4535-9b69-82d787bc22a6,research,false,2,"Holman Rd NW & 13th Ave NW, Seattle, WA 98117, USA",47.6971350565,-122.3731996492,4,,,,4,,open,false,gps,gps,,King,American Crow,Corvus brachyrhynchos,American Crow,Aves,8021
340901344,3d361ae6-914e-4734-98f4-5870ade2cebb,research,false,,"Southeast Redmond, Redmond, WA 98052, USA",47.66426445,-122.115295865,10,,,,10,,open,false,,,,King,American Crow,Corvus brachyrhynchos,American Crow,Aves,8021
341043248,96616b5c-120b-43a2-8e61-ed471857a908,research,false,,"University of Washington, Seattle, WA, USA",47.6520805556,-122.3151333333,14,,,,14,,open,false,,,,King,American Crow,Corvus brachyrhynchos,American Crow,Aves,8021
341047680,8a76ac24-360b-4b39-b39c-bfdaaa130efd,research,false,,"University of Washington, Seattle, WA, USA",47.6518166667,-122.313575,6,,,,6,,open,false,,,,King,American Crow,Corvus brachyrhynchos,American Crow,Aves,8021
341048052,3eb95a3b-c51f-4004-b961-38aab595bd0a,research,false,,"University of Washington, Seattle, WA, USA",47.6602583333,-122.3113027778,17,,,,17,,open,false,,,,King,American Crow,Corvus brachyrhynchos,American Crow,Aves,8021
341052122,927a32b8-d4ee-4085-a7b8-0df4bbd2104e,research,false,,"Sunset Hill, Seattle, WA, USA",47.6888694444,-122.4026805556,5,,,,5,,open,false,,,,King,American Crow,Corvus brachyrhynchos,American Crow,Aves,8021
341052130,f8720b58-e85d-4a1f-a263-c73c83379c0b,research,false,,"Sunset Hill, Seattle, WA, USA",47.6890361111,-122.4031916667,5,,,,5,,open,false,,,,King,American Crow,Corvus brachyrhynchos,American Crow,Aves,8021
341136949,4eff46df-faca-46f8-b832-4a03b5a4c55c,research,false,,"Des Moines, WA, USA",47.3742540425,-122.3188770446,486,,,,486,,open,false,,,Des Moines City Limits,King,American Crow,Corvus brachyrhynchos,American Crow,Aves,8021
341137029,1681eec8-3a7a-4ec0-a9e5-c00ecc40e8fe,research,false,,"Kent, WA, USA",47.4113436052,-122.278660443,263,,,,263,,open,false,,,Kent City Limits,King,American Crow,Corvus brachyrhynchos,American Crow,Aves,8021
341191641,fed79700-c8c7-4d2f-bfb0-f306053d8756,research,false,,"Belltown, Seattle, WA, USA",47.6107333333,-122.3469111111,,,,,,,open,false,,,,King,American Crow,Corvus brachyrhynchos,American Crow,Aves,8021
341191642,a923aee2-77cf-4cc3-aab1-f11843ceeb19,research,false,,"Belltown, Seattle, WA, USA",47.6107333333,-122.3469111111,,,,,,,open,false,,,,King,American Crow,Corvus brachyrhynchos,American Crow,Aves,8021
341191647,c417e817-6509-4e91-b665-85696e00f3fe,research,false,,"Belltown, Seattle, WA, USA",47.6107333333,-122.3469111111,,,,,,,open,false,,,,King,American Crow,Corvus brachyrhynchos,American Crow,Aves,8021
341422810,1176c467-3ade-4071-b3db-42cbf75d417f,research,false,2,"Aurora Ave N & N 115th St, Seattle, WA 98133, USA",47.7111777778,-122.3413583333,,,,,,,open,false,gps,gps,,King,American Crow,Corvus brachyrhynchos,American Crow,Aves,8021
341754166,7fb25f40-5a2f-43e8-9b63-01628deec46e,research,false,,"Normandy Park, WA, USA",47.4177194444,-122.3376833333,7,,,,7,,open,false,,,Normandy Park City Limits,King,American Crow,Corvus brachyrhynchos,American Crow,Aves,8021
341754167,811d481b-a491-4947-8d52-7d380c0ec019,research,false,,"Normandy Park, WA, USA",47.4177194444,-122.3376833333,6,,,,6,,open,false,,,Normandy Park City Limits,King,American Crow,Corvus brachyrhynchos,American Crow,Aves,8021
341754168,eda4c642-8b83-477b-8d2a-92e99a7b76b9,research,false,,"Normandy Park, WA, USA",47.4159305556,-122.3386,14,,,,14,,open,false,,,Normandy Park City Limits,King,American Crow,Corvus brachyrhynchos,American Crow,Aves,8021
341760855,59426c5b-32b1-424b-b2b1-36549589e39f,research,false,,"Normandy Park, WA, USA",47.4175416667,-122.3377138889,14,,,,14,,open,false,,,Normandy Park City Limits,King,American Crow,Corvus brachyrhynchos,American Crow,Aves,8021
341770782,9dd0e9fe-71af-4632-9199-137ae888360c,research,false,843,"S Eddy St, Seattle, WA, US",47.5456383333,-122.3193133333,6,,,,6,,open,false,,,,King,American Crow,Corvus brachyrhynchos,American Crow,Aves,8021
341770858,23487314-c0cd-43a2-af48-147450724a80,research,false,843,"King County, US-WA, US",47.5452833333,-122.3206333333,20,,,,20,,open,false,,,,King,American Crow,Corvus brachyrhynchos,American Crow,Aves,8021
341986597,a89523b1-5462-4205-b175-48c5b10f8b3a,research,false,,"Belltown, Seattle, WA, USA",47.6105841073,-122.3469074789,1,,,,1,,open,false,,,,King,American Crow,Corvus brachyrhynchos,American Crow,Aves,8021
342070922,dde1796f-c506-4f20-b85f-e6ac2282c812,research,false,,"Montlake, Seattle, WA, USA",47.6426734924,-122.2899246216,,,,,,,open,false,,,,King,American Crow,Corvus brachyrhynchos,American Crow,Aves,8021
342070923,7d99fb90-801c-40f0-bbff-11943e3c73de,research,false,,"Montlake, Seattle, WA, USA",47.6426734924,-122.2899246216,,,,,,,open,false,,,,King,American Crow,Corvus brachyrhynchos,American Crow,Aves,8021
342070936,75176777-66db-437f-9fd9-3eb63a5ddbff,research,false,,"Montlake, Seattle, WA, USA",47.6461639404,-122.2913742065,,,,,,,open,false,,,,King,American Crow,Corvus brachyrhynchos,American Crow,Aves,8021
342156810,9634f9e1-7534-4e62-b0db-49e3bdc967df,research,false,843,"Simonds Rd NE, Kenmore, WA, US",47.7406583333,-122.2228466667,22,,,,22,,open,false,,,,King,American Crow,Corvus brachyrhynchos,American Crow,Aves,8021
342189303,69d743a6-0934-4e0e-8a7c-81b7ef6cbdc4,research,false,2,"Seattle, WA 98104, USA",47.6043552839,-122.34059304,47,,,,47,,open,false,,,,King,American Crow,Corvus brachyrhynchos,American Crow,Aves,8021
342383940,99b068cc-90bd-49ac-a210-4d60de850de8,research,false,,"Southeast Redmond, Redmond, WA 98052, USA",47.658515842,-122.1144677812,868,,,,868,,open,false,,,,King,American Crow,Corvus brachyrhynchos,American Crow,Aves,8021
342383953,b52251b1-7578-49c5-b4e2-4f2c41134811,research,false,,"Southeast Redmond, Redmond, WA 98052, USA",47.658515842,-122.1144677812,868,,,,868,,open,false,,,,King,American Crow,Corvus brachyrhynchos,American Crow,Aves,8021
342437369,f6d248a1-07f1-472a-9336-038cd5eb7263,research,false,,"South Lake Union, Seattle, WA, USA",47.6209566322,-122.3456043933,31,,,,31,,open,false,,,,King,American Crow,Corvus brachyrhynchos,American Crow,Aves,8021
342795582,170ad9fd-ea5a-4578-9fc9-3e458168476c,research,false,,"Southeast Redmond, Redmond, WA 98052美国",47.6600650061,-122.1172258087,31,,,,31,,open,false,,,,King,短嘴鸦,Corvus brachyrhynchos,American Crow,Aves,8021
342917861,75a2196f-cccf-4434-b331-fe2d2c8c3ad8,research,false,3,"N 137th St, Seattle, WA, US",47.7287116667,-122.3399716667,6,,,,6,,open,false,,,,King,American Crow,Corvus brachyrhynchos,American Crow,Aves,8021
342972638,802ee6c8-9a8d-4c31-9d99-94042bcdcca8,research,false,843,"W Highland Dr, Seattle, WA, US",47.6298216667,-122.3575666667,3,,,,3,,open,false,,,,King,American Crow,Corvus brachyrhynchos,American Crow,Aves,8021
343138851,0c5ce9db-0e6d-4cea-9987-645f08689053,research,false,2,"14th Ave NW & NW 103rd St, Seattle, WA 98177, USA",47.7017824898,-122.3722045496,24,,,,24,,open,false,gps,gps,,King,American Crow,Corvus brachyrhynchos,American Crow,Aves,8021
343153733,4025b9b3-44d2-4388-89cd-426ee41b9120,research,false,333,Seattle,47.6514701843,-122.3059158325,7,,,,7,,open,false,,,,King,American Crow,Corvus brachyrhynchos,American Crow,Aves,8021
343164461,347f7ef0-9d15-458e-8cee-d61d929c2d97,research,false,333,Seattle,47.6506881714,-122.3079528809,11,,,,11,,open,false,,,,King,American Crow,Corvus brachyrhynchos,American Crow,Aves,8021
343202593,c48cba03-b416-4efc-b757-690ae74136f4,research,false,3,"University of Washington, Seattle, WA, US",47.65635,-122.3064333333,3,,,,3,,open,false,,,,King,American Crow,Corvus brachyrhynchos,American Crow,Aves,8021
343226989,22408a03-d249-4b03-a66e-d64fa741700f,research,false,,"University Heights, Seattle, WA, USA",47.6691611111,-122.3151666667,,,,,,,open,false,,,,King,American Crow,Corvus brachyrhynchos,American Crow,Aves,8021
343241119,f5f8067c-20bf-4294-8ab9-62339838dbec,research,false,,"Fauntleroy, Seattle, WA, USA",47.5303567866,-122.396832756,412,,,,412,,open,false,,,,King,American Crow,Corvus brachyrhynchos,American Crow,Aves,8021
343258015,2c8b6335-0807-403b-9731-2656f93196ed,research,false,3,"Northgate Station, Seattle, WA, US",47.7038283333,-122.3252716667,31,,,,31,,open,false,,,,King,American Crow,Corvus brachyrhynchos,American Crow,Aves,8021
343597567,cde1960a-de12-43fc-9472-cb4b2c201a93,research,false,843,"Phinney Ave N, Seattle, WA, US",47.6690166667,-122.3540716667,10,,,,10,,open,false,,,,King,American Crow,Corvus brachyrhynchos,American Crow,Aves,8021
343901182,aa682b7d-bbc2-4af4-8713-eaef17fabed3,research,false,,"Rose Hill Meadows Park, 8200 124th Ave NE, Kirkland, WA 98033, USA",47.6771456,-122.1758054,177,,,,177,,open,false,,,,King,American Crow,Corvus brachyrhynchos,American Crow,Aves,8021
343919343,b54a5cea-2bff-4875-8cfc-bf99dd980230,research,false,2,"25th Ave NE & NE 47th St, Seattle, WA 98105, USA",47.6628753997,-122.2989355997,,,,,,,open,false,gps,gps,,King,American Crow,Corvus brachyrhynchos,American Crow,Aves,8021
344075066,9648db82-4dbc-42d0-9a2b-9b33ff199270,research,false,2,"14th Ave NW & NW 103rd St, Seattle, WA 98177, USA",47.704938609,-122.3715417087,25,,,,25,,open,false,gps,gps,,King,American Crow,Corvus brachyrhynchos,American Crow,Aves,8021
344101996,ce4c42f6-2e0f-4f1f-bb9c-6dd542087b92,research,false,2,"N 130th St & Linden Ave N, Seattle, WA 98133, USA",47.7239,-122.3499694444,,,,,,,open,false,gps,gps,,King,American Crow,Corvus brachyrhynchos,American Crow,Aves,8021
344231888,fb632cff-d3ab-4d47-84ca-5ad360dbfb98,research,false,2,"14th Ave NW & NW 103rd St, Seattle, WA 98177, USA",47.7008221685,-122.3740073293,18,,,,18,,open,false,gps,gps,,King,American Crow,Corvus brachyrhynchos,American Crow,Aves,8021
344253659,d29035e8-68b4-4ff5-88b9-90b2f906837f,research,false,,"334 1st Ave N, Seattle, WA 98109, USA",47.622094,-122.353984,136,,,,136,,open,false,,,,King,American Crow,Corvus brachyrhynchos,American Crow,Aves,8021
344263796,c5c85bd3-2512-4fd5-9a15-f0a177a315f4,research,false,843,"S Eddy St, Seattle, WA, US",47.545781893,-122.3202227281,7,,,,7,,open,false,,,,King,American Crow,Corvus brachyrhynchos,American Crow,Aves,8021
344290979,a3dc872f-7dc3-4b8c-9ca3-c8ba83b72bb7,research,false,,"Des Moines, WA, USA",47.3736970505,-122.3251688654,105,,,,105,,open,false,,,,King,American Crow,Corvus brachyrhynchos,American Crow,Aves,8021
344343184,97cad2c5-e0c0-4f71-850e-0fbbb5ef33e1,research,false,2,"Kent, WA 98031, USA",47.4150823,-122.1912425,,,,,,,open,false,gps,gps,Kent City Limits,King,American Crow,Corvus brachyrhynchos,American Crow,Aves,8021
344522016,6400b0f9-70d5-49aa-bf6a-2f47bcf05795,research,false,3,"Woodland Park Zoo, Seattle, WA, US",47.6681533333,-122.354095,8,,,,8,,open,false,,,,King,American Crow,Corvus brachyrhynchos,American Crow,Aves,8021
344699346,0cb733cc-c6b9-431f-ac5c-fb74edcfe5f9,research,false,,"10416 SE Wolverine Way, Bellevue, WA 98004, USA",47.6051544,-122.1968293,179,,,,179,,open,false,,,Bellevue City Limits,King,American Crow,Corvus brachyrhynchos,American Crow,Aves,8021
344802224,5d4bdaa0-25df-41cc-8a90-0a9a9931e43f,research,false,3,"Discovery Park, Seattle, WA, US",47.6560459599,-122.4135224831,2,,,,2,,open,false,,,,King,American Crow,Corvus brachyrhynchos,American Crow,Aves,8021
344811203,f45af5bc-f582-4736-8058-b199ff6e9e5a,research,false,2,"King County, US-WA, US",47.71110969,-122.37963767,7,,,,7,,open,false,,,,King,American Crow,Corvus brachyrhynchos,American Crow,Aves,8021
344986899,dca02fe2-a817-4504-976f-3f42b7220602,research,false,,"University of Washington, Seattle, WA, USA",47.654779318,-122.3071646667,373,,,,373,,open,false,,,,King,American Crow,Corvus brachyrhynchos,American Crow,Aves,8021
345037560,e79c7525-b8f4-4a50-b90d-91b757fd97e1,research,false,,"University District, Seattle, WA, USA",47.6559580811,-122.2916149924,413,,,,413,,open,false,,,,King,American Crow,Corvus brachyrhynchos,American Crow,Aves,8021
345201915,08081cc0-8204-4b8f-af07-c870e06a4ac8,research,false,,"Green Lake, Seattle, WA, USA",47.6796821,-122.3256356,1266,,,,1266,,open,false,,,,King,American Crow,Corvus brachyrhynchos,American Crow,Aves,8021
345369378,fc4516a4-9b3b-4977-93d7-1d0bee55d2e9,research,false,2,"N 85th St & 1st Ave NW, Seattle, WA 98103, USA",47.6906072812,-122.3575036973,11,,,,11,,open,false,gps,gps,,King,American Crow,Corvus brachyrhynchos,American Crow,Aves,8021
345509877,a001d8fe-4807-4ce5-8090-649a50153f8e,research,false,2,"Shoreline, WA 98177, USA",47.7125812755,-122.3797200993,10,,,,10,,open,false,gps,gps,,King,American Crow,Corvus brachyrhynchos,American Crow,Aves,8021
345699661,f62701a7-3d92-47e5-a1ef-711588df36f0,research,false,,"Southeast Redmond, Redmond, WA 98052, USA",47.6610989947,-122.1206805918,113,,,,113,,open,false,,,,King,American Crow,Corvus brachyrhynchos,American Crow,Aves,8021
346070939,eefd5a22-68b3-467a-a43d-03de3256735a,research,false,843,"5th Ave N, Seattle, WA, US",47.620875,-122.3489383333,7,,,,7,,open,false,,,,King,American Crow,Corvus brachyrhynchos,American Crow,Aves,8021
346147865,4544f1de-1553-4b05-b76f-3496aa0a4b87,research,false,,"Montlake, Seattle, WA, USA",47.6412773132,-122.2949752808,,,,,,,open,false,,,,King,American Crow,Corvus brachyrhynchos,American Crow,Aves,8021
346232294,227fb043-06a5-4997-a963-f2f4a6bf587c,research,false,843,"NE Pacific St, Seattle, WA, US",47.6522666667,-122.3120116667,6,,,,6,,open,false,,,,King,American Crow,Corvus brachyrhynchos,American Crow,Aves,8021
346232444,2b139d50-1047-40da-ac8d-223c533e1594,research,false,843,"NE Pacific St, Seattle, WA, US",47.6520533333,-122.31218,2,,,,2,,open,false,,,,King,American Crow,Corvus brachyrhynchos,American Crow,Aves,8021
346436076,5c34d178-96f0-49f6-bd0c-ef8c7d0a757c,research,false,843,"29th Ave E, Seattle, WA, US",47.6250374512,-122.2954697161,8,,,,8,,open,false,,,,King,American Crow,Corvus brachyrhynchos,American Crow,Aves,8021
346447498,8be89730-2d8d-4b59-96ee-cebdb1970cfa,research,false,,"3015 NW 54th St, Seattle, WA 98107, USA",47.6665475,-122.3962375,182,,,,182,,open,false,,,,King,American Crow,Corvus brachyrhynchos,American Crow,Aves,8021
346683040,09c6c957-bead-46b3-923b-0cfb96b47354,research,false,843,"Green Lake Way N, Seattle, WA, US",47.6618583333,-122.3463966667,14,,,,14,,open,false,,,,King,American Crow,Corvus brachyrhynchos,American Crow,Aves,8021
346692580,9f4a4c18-1a88-40d9-a48a-052d0574d498,research,false,3,"University of Washington, Seattle, WA, US",47.6567033333,-122.3014133333,3,,,,3,,open,false,,,,King,American Crow,Corvus brachyrhynchos,American Crow,Aves,8021
346790429,4694293a-244b-470b-8c41-883b8f14a9c1,research,false,,"Northlake, Seattle, WA, USA",47.6451138889,-122.3342222222,5,,,,5,,open,false,,,,King,American Crow,Corvus brachyrhynchos,American Crow,Aves,8021
346865843,ed87819e-08fd-457e-a2dc-69f9ff9cb913,research,false,2,"Stevens Way & Okanogan Ln, Seattle, WA 98195, États-Unis",47.651146,-122.3090579,83,,,,83,,open,false,,,,King,American Crow,Corvus brachyrhynchos,American Crow,Aves,8021
346894181,36c3b50a-2172-40c7-b793-60bce50e03b4,research,false,3,"University of Washington, Seattle, WA, US",47.6536614849,-122.3121870762,8,,,,8,,open,false,,,,King,American Crow,Corvus brachyrhynchos,American Crow,Aves,8021
347041475,62e60214-08f0-4894-aff4-b60e683c5cce,research,false,843,"NE Pacific St, Seattle, WA, US",47.6520216667,-122.3107,24,,,,24,,open,false,,,,King,American Crow,Corvus brachyrhynchos,American Crow,Aves,8021
347061259,09e539d9-011b-485d-9191-086c8b3649e1,research,false,843,"15th Ave NE, Seattle, WA, US",47.65635,-122.3124916667,6,,,,6,,open,false,,,,King,American Crow,Corvus brachyrhynchos,American Crow,Aves,8021
347118706,47effda3-b7db-4f46-9ba0-07c92f4f9356,research,false,843,"Wahkiakum Ln, Seattle, WA, US",47.6562132707,-122.2990435889,43,,,,43,,open,false,,,,King,American Crow,Corvus brachyrhynchos,American Crow,Aves,8021
347290632,a455bbd4-51bd-43a4-9d42-4041b17b9edb,research,false,2,"8th Ave NW & NW 100th Pl, Seattle, WA 98117, USA",47.7013916667,-122.3663833333,,,,,,,open,false,gps,gps,,King,American Crow,Corvus brachyrhynchos,American Crow,Aves,8021
347328146,c7dce13e-6b7a-4f3d-a3d1-e247f048848b,research,false,2,"Broadview, Seattle, WA, USA",47.7114638889,-122.3786805556,,,,,,,open,false,gps,gps,,King,American Crow,Corvus brachyrhynchos,American Crow,Aves,8021
347328343,af9e817d-9fc0-41cf-bf67-2bf57add7040,research,false,2,"NW Neptune Pl & 24th Ave NW, Seattle, WA 98117, USA",47.6995555556,-122.3884472222,,,,,,,open,false,gps,gps,,King,American Crow,Corvus brachyrhynchos,American Crow,Aves,8021
347361749,222d66bb-9aec-4e49-a23e-f617be3efa60,research,false,3,"University of Washington, Seattle, WA, US",47.6536783333,-122.3173216667,5,,,,5,,open,false,,,,King,American Crow,Corvus brachyrhynchos,American Crow,Aves,8021
347607747,cad6749f-ee6d-4c9f-a952-507ab58d7aba,research,false,843,"Western Ave, Seattle, WA, US",47.6033366667,-122.3367616667,5,,,,5,,open,false,,,,King,American Crow,Corvus brachyrhynchos,American Crow,Aves,8021
347614668,97b254ae-91f5-4930-9096-06221be35b29,research,false,843,"25th Ave NE, Seattle, WA, US",47.7241866667,-122.30275,4,,,,4,,open,false,,,,King,American Crow,Corvus brachyrhynchos,American Crow,Aves,8021
347673174,991abedf-090d-4687-97ce-72f1b9a90ef9,research,false,,"Downtown Seattle, Seattle, WA, USA",47.6017186622,-122.3349776376,25,,,,25,,open,false,,,,King,American Crow,Corvus brachyrhynchos,American Crow,Aves,8021
347835428,335ef413-6502-4c67-b23b-e7db525a603d,research,false,3,"Green Lake Park, Seattle, WA, US",47.6788633333,-122.3284216667,21,,,,21,,open,false,,,,King,American Crow,Corvus brachyrhynchos,American Crow,Aves,8021
347884803,17d8fd3d-d49a-4ce5-9f30-f0ad440a2f49,research,false,3,"NE 31st St, Redmond, WA, US",47.6396666667,-122.1335916667,36,,,,36,,open,false,,,Redmond City Limits,King,American Crow,Corvus brachyrhynchos,American Crow,Aves,8021
347886019,8ea00c5c-9bc5-4e20-909c-dd39366c43ae,research,false,,"Union Bay Natural Area, 3501 NE 41st St, Seattle, WA 98105, USA",47.6556698,-122.2929872,323,,,,323,,open,false,,,,King,American Crow,Corvus brachyrhynchos,American Crow,Aves,8021
347917483,5a2fffbe-9adb-4a5e-819a-66f2864068d9,research,false,3,"Arboretum De Washington Park, Seattle, WA, US",47.63613,-122.2962866667,1,,,,1,,open,false,,,,King,corneille d'Amérique,Corvus brachyrhynchos,American Crow,Aves,8021
347930530,7fd98eac-7f49-4dbf-9575-5649cf9174ba,research,false,843,"Spokane Ln, Seattle, WA, US",47.6576633333,-122.3081583333,4,,,,4,,open,false,,,,King,American Crow,Corvus brachyrhynchos,American Crow,Aves,8021
347963132,23527cd4-d8b3-47d7-b367-38caf48c5aec,research,false,2,"Alki, Seattle, WA 98116, USA",47.5730198233,-122.4149955064,207,,,,207,,open,false,gps,gps,,King,American Crow,Corvus brachyrhynchos,American Crow,Aves,8021
348002203,4ce468df-29ea-4b0c-95e3-07dc2a6897d3,research,false,,"University of Washington, Seattle, WA, USA",47.6599380213,-122.3047327639,2,,,,2,,open,false,,,,King,American Crow,Corvus brachyrhynchos,American Crow,Aves,8021
348003497,c4e44165-dc3c-46ef-82ac-0a7994b45ed8,research,false,,"Fauntleroy, Seattle, WA, USA",47.5295526659,-122.3956355061,488,,,,488,,open,false,,,,King,American Crow,Corvus brachyrhynchos,American Crow,Aves,8021
348116714,7782e217-6fda-4d50-a339-a140c2935f77,research,false,843,"Benton Ln, Seattle, WA, US",47.65447,-122.3082283333,22,,,,22,,open,false,,,,King,American Crow,Corvus brachyrhynchos,American Crow,Aves,8021
348117642,a570d23e-f976-41eb-b32d-0d28af7e2cde,research,false,2,"Stevens Way & Pend Oreille Rd, Seattle, WA 98105, USA",47.6571166667,-122.3072333333,,,,,,,open,false,gps,gps,,King,American Crow,Corvus brachyrhynchos,American Crow,Aves,8021
348123726,76600862-d070-44dd-b927-e716f55487f7,research,false,843,"Lake Washington Blvd S, Seattle, WA, US",47.577275,-122.2828616667,4,,,,4,,open,false,,,,King,American Crow,Corvus brachyrhynchos,American Crow,Aves,8021
348134582,4f04ad77-d19e-4fb0-85a5-b6f0e51ec04a,research,false,2,"King County, US-WA, US",47.69606279,-122.33343399,5,,,,5,,open,false,,,,King,American Crow,Corvus brachyrhynchos,American Crow,Aves,8021
348160402,f4df66de-5201-4f16-b9f7-c7c4b231569d,research,false,843,"San Juan Rd, Seattle, WA, US",47.64852,-122.310045,9,,,,9,,open,false,,,,King,American Crow,Corvus brachyrhynchos,American Crow,Aves,8021
348191393,d85ab5ee-6f36-45c5-b441-582fd1f6fc51,research,false,3,"University of Washington, Seattle, WA, US",47.656155,-122.3097916667,13,,,,13,,open,false,,,,King,American Crow,Corvus brachyrhynchos,American Crow,Aves,8021
348198704,2e76cb50-89d1-43b2-be3f-e891b9278fd9,research,false,3,"169th Ave SE, Bellevue, WA, US",47.5841616667,-122.1155778333,13,,,,13,,open,false,,,Bellevue City Limits,King,American Crow,Corvus brachyrhynchos,American Crow,Aves,8021
348210471,6c0cfb6a-aa99-4f3b-9385-c9f214224341,research,false,843,"Wahkiakum Ln, Seattle, WA, US",47.6560883333,-122.296095,,,,,,,open,false,,,,King,American Crow,Corvus brachyrhynchos,American Crow,Aves,8021
348367747,9ac6db0a-d710-434f-88a1-55411cfda9fa,research,false,,"University of Washington, Seattle, WA, USA",47.6577576478,-122.3068084509,163,,,,163,,open,false,,,,King,American Crow,Corvus brachyrhynchos,American Crow,Aves,8021
348370708,1749c27e-c7ab-42b6-9d5c-f0f55d74195c,research,false,843,"NE San Juan Rd, Seattle, WA, US",47.650138392,-122.3120907445,19,,,,19,,open,false,,,,King,American Crow,Corvus brachyrhynchos,American Crow,Aves,8021
348478820,c470ec01-d25e-4fa9-be71-e669e2a0d2b9,research,false,2,"NE 132nd St & 104th Pl NE, Kirkland, WA 98034, USA",47.7166670717,-122.2033179685,3,,,,3,,open,false,,,,King,American Crow,Corvus brachyrhynchos,American Crow,Aves,8021
348545692,dfd2034f-ab0a-4b7d-bc58-3a6d50826150,research,false,3,"Broadway, Seattle, WA, US",47.6119200772,-122.3204393181,9,,,,9,,open,false,,,,King,American Crow,Corvus brachyrhynchos,American Crow,Aves,8021
348606653,1460bcd6-9881-4af4-82e8-03f9bcd6bf8c,research,false,843,"Spokane Ln, Seattle, WA, US",47.6572274077,-122.3094044702,37,,,,37,,open,false,,,,King,American Crow,Corvus brachyrhynchos,American Crow,Aves,8021
348648855,1b0d31ba-8e21-436e-adc2-fb354aff2012,research,false,843,"Memorial Way, Seattle, WA, US",47.6580716667,-122.309505,3,,,,3,,open,false,,,,King,American Crow,Corvus brachyrhynchos,American Crow,Aves,8021
348652623,f320ad88-1c37-45f1-a35f-28ee9ab09821,needs_id,false,843,"Brooklyn Ave NE, Seattle, WA, US",47.6619394648,-122.3143854183,14,,,,14,,open,false,,,,King,American Crow,Corvus brachyrhynchos,American Crow,Aves,8021
348652954,260c04bd-82ff-495e-90a8-d7f349b88e03,research,false,,"Broadview, Seattle, WA, USA",47.7117412707,-122.3798038532,30,,,,30,,open,false,,,,King,American Crow,Corvus brachyrhynchos,American Crow,Aves,8021
348655523,1e6d1244-e11e-4b4d-b373-2e272e87db75,research,false,843,"Arboretum Loop Trail, Seattle, WA, US",47.628425,-122.294005,20,,,,20,,open,false,,,,King,American Crow,Corvus brachyrhynchos,American Crow,Aves,8021
348664618,3863cc93-b6d4-43b6-a672-c0370d3a4362,research,false,,"Ravenna, Seattle, WA, USA",47.6674277778,-122.3003694444,22,,,,22,,open,false,,,,King,American Crow,Corvus brachyrhynchos,American Crow,Aves,8021
348726092,d66e1376-26bd-4b94-911b-aca851e2a47b,research,false,843,"Lake Washington Blvd E, Seattle, WA, US",47.62772,-122.29415,6,,,,6,,open,false,,,,King,American Crow,Corvus brachyrhynchos,American Crow,Aves,8021
348758694,826caf25-5891-4568-a135-1d8f080a470a,research,false,843,"Brooklyn Ave NE, Seattle, WA, US",47.6522116667,-122.3153383333,4,,,,4,,open,false,,,,King,American Crow,Corvus brachyrhynchos,American Crow,Aves,8021
348774489,956f6445-a0a9-4177-9cd2-81c0ab7835bb,research,false,,"Redmond, WA, USA",47.6739881,-122.121512,2154,,,,2154,,open,false,,,Redmond City Limits,King,American Crow,Corvus brachyrhynchos,American Crow,Aves,8021
348775834,f6c0ace2-34c7-4b93-8ee7-2001426f516e,research,false,843,"Seattle, WA, US",47.6611283333,-122.296495,3,,,,3,,open,false,,,,King,American Crow,Corvus brachyrhynchos,American Crow,Aves,8021
348900594,adbc5afd-005e-434d-b7f3-90dcabb0093c,research,false,843,"Wahkiakum Ln, Seattle, WA, US",47.6564329848,-122.2947723863,448,,,,448,,open,false,,,,King,American Crow,Corvus brachyrhynchos,American Crow,Aves,8021
348900674,93bfb968-0134-4baf-9a46-f44011b3a112,research,false,843,"Wahkiakum Ln, Seattle, WA, US",47.656275212,-122.2936984651,553,,,,553,,open,false,,,,King,American Crow,Corvus brachyrhynchos,American Crow,Aves,8021
348998152,7dd88635-0316-4d07-ac08-de13ff9deb57,research,false,843,"S 244th St, Kent, WA, US",47.3835395084,-122.2078502881,28,,,,28,,open,false,,,Kent City Limits,King,American Crow,Corvus brachyrhynchos,American Crow,Aves,8021
349007652,5f6cb7f6-fb50-4e4c-9d58-a408c3492d07,research,false,,"Kent, WA, USA",47.409943874,-122.2422131254,22,,,,22,,open,false,,,Kent City Limits,King,American Crow,Corvus brachyrhynchos,American Crow,Aves,8021
349101081,a19a77f5-b57f-4b3b-acd8-e4e425cd894e,research,false,,"University of Washington, Seattle, WA, USA",47.6549586314,-122.2942522388,1138,,,,1138,,open,false,,,,King,American Crow,Corvus brachyrhynchos,American Crow,Aves,8021
349102098,1f79ea51-8466-4d1a-970d-8823d8fe8d69,needs_id,false,,"University of Washington, Seattle, WA, USA",47.6561172362,-122.2933721689,122,,,,122,,open,false,,,,King,American Crow,Corvus brachyrhynchos,American Crow,Aves,8021
349172579,3c1e3a3a-e05a-47b7-ae14-bbf741ee5576,research,false,,"University of Washington, Seattle, WA, USA",47.6569790563,-122.2907079738,25,,,,25,,open,false,,,,King,American Crow,Corvus brachyrhynchos,American Crow,Aves,8021
349189537,0baa8269-76ec-4d48-8ff3-e92c89ea3448,research,false,,"Mercer Island, WA, USA",47.5921713764,-122.2270417093,520,,,,520,,open,false,,,,King,American Crow,Corvus brachyrhynchos,American Crow,Aves,8021
349189538,dee5997f-3664-4e0d-918c-02f98f440cb5,research,false,,"Mercer Island, WA, USA",47.5921713764,-122.2270417093,520,,,,520,,open,false,,,,King,American Crow,Corvus brachyrhynchos,American Crow,Aves,8021
349244264,b682525e-9656-42a1-999b-1d984a2e67d0,research,false,2,"Holman Rd NW & 9th Ave NW (WB), Seattle, WA 98117, USA",47.6997508118,-122.3713945225,11,,,,11,,open,false,gps,gps,,King,American Crow,Corvus brachyrhynchos,American Crow,Aves,8021
349306774,2613f077-3ffd-4294-a2e0-757907c0ecbb,research,false,,"Lawton Park, Seattle, WA 98199, USA",47.6608229672,-122.4174468019,1486,,,,1486,,open,false,,,,King,American Crow,Corvus brachyrhynchos,American Crow,Aves,8021
349383066,f647dc0f-7bb3-42dd-a1ab-a20254e2260f,research,false,,"Gas Works Park, 2101 N Northlake Way, Seattle, WA 98103, USA",47.6456308,-122.3343532,306,,,,306,,open,false,,,,King,American Crow,Corvus brachyrhynchos,American Crow,Aves,8021
349589815,9193cc16-59f4-4d6a-ab9a-07e97f6971a6,research,false,,"University of Washington, Seattle, WA, USA",47.6561232187,-122.3149913567,2,,,,2,,open,false,,,,King,American Crow,Corvus brachyrhynchos,American Crow,Aves,8021
349604611,7ad0601d-d39c-498d-930f-f3ea2ef13776,research,false,843,"Campus Walk, Seattle, WA, US",47.6517128474,-122.3113735464,7,,,,7,,open,false,,,,King,American Crow,Corvus brachyrhynchos,American Crow,Aves,8021
349630461,13e8b3eb-d9f5-421f-8479-af9e47f26758,research,false,843,"S Eddy St, Seattle, WA, US",47.545625,-122.3194116667,19,,,,19,,open,false,,,,King,American Crow,Corvus brachyrhynchos,American Crow,Aves,8021
349703804,148e1707-cf2d-4315-a085-de4225d8493b,research,false,843,"Waterfront Loop Trail, Seattle, WA, US",47.6542365041,-122.2960022443,237,,,,237,,open,false,,,,King,American Crow,Corvus brachyrhynchos,American Crow,Aves,8021
349800476,0b331870-30a1-4b02-9b5b-c435963e1589,research,false,,"Lawton Park, Seattle, WA 98199, USA",47.6618173253,-122.4197148795,244,,,,244,,open,false,,,,King,American Crow,Corvus brachyrhynchos,American Crow,Aves,8021
349829938,d374c6f1-122c-4a12-ae7d-f1f5997c1d1d,research,false,843,"NE 41st St, Seattle, WA, US",47.65683,-122.3138416667,14,,,,14,,open,false,,,,King,American Crow,Corvus brachyrhynchos,American Crow,Aves,8021
349855287,ddbf6d68-4ddc-471c-8807-f0601cd61f8b,research,false,843,"Azalea Way E, Seattle, WA, US",47.6356916667,-122.2969883333,190,,,,190,,open,false,,,,King,American Crow,Corvus brachyrhynchos,American Crow,Aves,8021
350059252,7aad028d-23f9-4f7a-8738-1360f666550a,research,false,2,"NE Campus Pkwy & University Way NE (WB), Seattle, WA 98105, USA",47.6563444444,-122.3127222222,,,,,,,open,false,gps,gps,,King,American Crow,Corvus brachyrhynchos,American Crow,Aves,8021
350097096,83ce8111-924e-42b3-89d4-afbf0861eefc,research,false,,"University Heights, Seattle, WA, USA",47.6676027778,-122.3093722222,22,,,,22,,open,false,,,,King,American Crow,Corvus brachyrhynchos,American Crow,Aves,8021
350144298,e9dfdacc-46a6-4d63-abba-613127a3c0e9,research,false,,"University of Washington, Seattle, WA, USA",47.6553077271,-122.3119658935,4,,,,4,,open,false,,,,King,American Crow,Corvus brachyrhynchos,American Crow,Aves,8021
350286513,fc8a8726-03d3-41c1-8170-9706026b4eaa,research,false,3,"Mercer St, Seattle, WA, US",47.6247216667,-122.3387,14,,,,14,,open,false,,,,King,American Crow,Corvus brachyrhynchos,American Crow,Aves,8021
350289743,510c29d6-49a5-4b24-b43b-4c049eb84d82,research,false,,"University of Washington, Seattle, WA, USA",47.656975,-122.3077555556,5,,,,5,,open,false,,,,King,American Crow,Corvus brachyrhynchos,American Crow,Aves,8021
350311909,3764b511-dab8-4482-beed-32230dc556a3,research,false,3,"King County, US-WA, US",47.6571892842,-122.1961399793,26,,,,26,,open,false,,,,King,American Crow,Corvus brachyrhynchos,American Crow,Aves,8021
350388050,fe0894ff-f043-4db6-985b-56c0a76f35cf,research,false,2,"NE Pacific St & 15th Ave NE, Seattle, WA 98195, USA",47.6519704863,-122.3121750355,66,,,,66,,open,false,gps,gps,,King,American Crow,Corvus brachyrhynchos,American Crow,Aves,8021
350398350,23ee9f8b-274d-4b61-b3fe-27e16d05b372,research,false,843,"NE 55th St, Seattle, WA, US",47.6684083333,-122.3145533333,19,,,,19,,open,false,,,,King,American Crow,Corvus brachyrhynchos,American Crow,Aves,8021
350399767,deb20a5b-8e4d-46b2-8f9b-12bf8d9c1ab5,research,false,843,"Snohomish Ln NE, Seattle, WA, US",47.6527405617,-122.3023189523,3,,,,3,,open,false,,,,King,American Crow,Corvus brachyrhynchos,American Crow,Aves,8021
350407861,cd0baaca-b604-41f4-89a7-33686e34382d,research,false,843,"NE Pacific St, Seattle, WA, US",47.6551674347,-122.3239195033,6,,,,6,,open,false,,,,King,American Crow,Corvus brachyrhynchos,American Crow,Aves,8021
350414723,243cfd39-629b-46a9-b4c5-3037f7d39103,research,false,,"University of Washington, Seattle, WA, USA",47.6516805556,-122.3126666667,4,,,,4,,open,false,,,,King,American Crow,Corvus brachyrhynchos,American Crow,Aves,8021
350427333,88890b56-b4a5-467f-bdb4-1d3fe31618e2,research,false,843,"Okanogan Ln NE, Seattle, WA, US",47.6539783333,-122.3082416667,20,,,,20,,open,false,,,,King,American Crow,Corvus brachyrhynchos,American Crow,Aves,8021
350439669,a148964b-45e3-4868-8229-ce968fc73b06,research,false,,"Green Lake, Seattle, WA, USA",47.6776,-122.3322833333,14,,,,14,,open,false,,,,King,American Crow,Corvus brachyrhynchos,American Crow,Aves,8021
350444201,366082e9-a301-47ea-abf1-6b7c344f3c86,research,false,843,"Brooklyn Ave NE, Seattle, WA, US",47.6531,-122.3146283333,16,,,,16,,open,false,,,,King,American Crow,Corvus brachyrhynchos,American Crow,Aves,8021
350593253,5ed15712-b5b5-482f-9f71-47b190fbc625,research,false,843,"NE Boat St, Seattle, WA, US",47.6519121866,-122.316323947,18,,,,18,,open,false,,,,King,American Crow,Corvus brachyrhynchos,American Crow,Aves,8021
350593457,3c2a29b1-6eaa-474c-8481-09c9cf4e9384,research,false,2,"Fisheries Teaching and Research Building (FTR), Seattle, WA 98105, USA",47.6519218,-122.3159037,95,,,,95,,open,false,,,,King,American Crow,Corvus brachyrhynchos,American Crow,Aves,8021
350600618,abdd9a56-871b-46b6-9881-24ab16e7b5e9,research,false,843,"NE 41st St, Seattle, WA, US",47.6568553636,-122.3152080923,27,,,,27,,open,false,,,,King,American Crow,Corvus brachyrhynchos,American Crow,Aves,8021
350605752,afa26855-92cf-4802-8502-f8f7d0b15c69,research,false,843,"NE Ravenna Blvd, Seattle, WA, US",47.669135692,-122.3063127359,7,,,,7,,open,false,,,,King,American Crow,Corvus brachyrhynchos,American Crow,Aves,8021
350615012,c652fa6f-d00b-481e-8fef-f3a587ae9283,research,false,2,"Central Plaza Garage, Seattle, WA 98105, USA",47.6560440349,-122.3096849397,8,,,,8,,open,false,,,,King,American Crow,Corvus brachyrhynchos,American Crow,Aves,8021
350634093,bfc1a4c5-acfb-480d-8158-d06b5f30d73d,research,false,843,"Spokane Ln, Seattle, WA, US",47.6569470143,-122.3098790073,8,,,,8,,open,false,,,,King,American Crow,Corvus brachyrhynchos,American Crow,Aves,8021
350639938,1edb9165-7bc2-4438-bf08-f81154fe00cf,research,false,,"University of Washington, Seattle, WA, USA",47.6525722222,-122.3092722222,5,,,,5,,open,false,,,,King,American Crow,Corvus brachyrhynchos,American Crow,Aves,8021
350640896,d984d43b-6b11-46db-90c3-da6ee194f5a1,research,false,843,"Arboretum Loop Trail, Seattle, WA, US",47.6299783333,-122.29625,41,,,,41,,open,false,,,,King,American Crow,Corvus brachyrhynchos,American Crow,Aves,8021
350650730,0ddaa9d2-10bc-4c75-8880-576d056660c7,research,false,843,"Walla Walla Rd, Seattle, WA, US",47.6529801396,-122.2994457746,2,,,,2,,open,false,,,,King,American Crow,Corvus brachyrhynchos,American Crow,Aves,8021
350650847,7e4a83b6-83c8-4548-bcb3-71dd07109a04,research,false,2,"Conibear Shellhouse (CSH), Seattle, WA 98105, USA",47.6529962037,-122.299542371,6,,,,6,,open,false,,,,King,American Crow,Corvus brachyrhynchos,American Crow,Aves,8021
350651380,70e1266c-1804-4e6e-be08-d69bb6a32731,research,false,843,"Burke-Gilman Trail, Seattle, WA, US",47.653405,-122.3127833333,5,,,,5,,open,false,,,,King,American Crow,Corvus brachyrhynchos,American Crow,Aves,8021
350657260,3b31a507-1e7d-425c-8b35-769308396eaf,research,false,843,"Wahkiakum Ln, Seattle, WA, US",47.6560466667,-122.2959666667,7,,,,7,,open,false,,,,King,American Crow,Corvus brachyrhynchos,American Crow,Aves,8021
350660268,e15f8c7a-e85a-458c-9451-24e1bd2e2ab7,research,false,843,"Wahkiakum Ln, Seattle, WA, US",47.6577785593,-122.2922099882,808,,,,808,,open,false,,,,King,American Crow,Corvus brachyrhynchos,American Crow,Aves,8021
350664735,081621d5-d2f2-47af-a65a-5381aac12b22,research,false,843,"Spokane Ln, Seattle, WA, US",47.6574023115,-122.3089128827,5,,,,5,,open,false,,,,King,American Crow,Corvus brachyrhynchos,American Crow,Aves,8021
350676274,37510094-b699-407c-bf85-7b59c7fa5732,research,false,2,"Lake Union Heliport, Seattle, WA 98102, USA",47.6521224722,-122.3191756944,,,,,,,open,false,gps,gps,,King,American Crow,Corvus brachyrhynchos,American Crow,Aves,8021
350681071,551e7988-1ba7-48d4-b215-7da902f57a2b,research,false,,"University of Washington, Seattle, WA, USA",47.6568194444,-122.3079527778,8,,,,8,,open,false,,,,King,American Crow,Corvus brachyrhynchos,American Crow,Aves,8021
350697051,1b466804-0997-44f6-8fbf-8b821d2a27ce,research,false,843,"Brooklyn Ave NE, Seattle, WA, US",47.6599371252,-122.3144904637,22,,,,22,,open,false,,,,King,American Crow,Corvus brachyrhynchos,American Crow,Aves,8021
350698700,de37af2d-8d07-4729-8e08-2bdc6d2e491f,research,false,,"University of Washington, Seattle, WA, USA",47.6525997707,-122.3125343664,15,,,,15,,open,false,,,,King,American Crow,Corvus brachyrhynchos,American Crow,Aves,8021
350705501,74fe5e66-8b40-4344-a8b4-ec7a177d3c6b,research,false,,"University of Washington, Seattle, WA, USA",47.6517944444,-122.3123027778,8,,,,8,,open,false,,,,King,American Crow,Corvus brachyrhynchos,American Crow,Aves,8021
350717951,00aeb0e3-62b5-4fef-ab1c-3e6066d7dd91,research,false,843,"NE Pacific St, Seattle, WA, US",47.6544,-122.3161383333,19,,,,19,,open,false,,,,King,American Crow,Corvus brachyrhynchos,American Crow,Aves,8021
350720197,23b87c5e-3f91-4e10-aadf-497eb804b5ed,research,false,,"University of Washington, Seattle, WA, USA",47.6523183495,-122.3094636772,8,,,,8,,open,false,,,,King,American Crow,Corvus brachyrhynchos,American Crow,Aves,8021
350731973,5256122c-4ec1-41fd-8b55-94b95e71f4ed,research,false,,"University of Washington, Seattle, WA, USA",47.6530222222,-122.2994166667,6,,,,6,,open,false,,,,King,American Crow,Corvus brachyrhynchos,American Crow,Aves,8021
350734878,f291d7ca-110a-4f17-ab70-a3bfe434ed24,research,false,843,"Beach Dr SW, Seattle, WA, US",47.571495,-122.4128633333,6,,,,6,,open,false,,,,King,American Crow,Corvus brachyrhynchos,American Crow,Aves,8021
350734954,8428d7d2-9463-42f8-9969-dc37ea57c355,research,false,843,"Fauntleroy Way SW, Seattle, WA, US",47.5298716667,-122.401305,11,,,,11,,open,false,,,,King,American Crow,Corvus brachyrhynchos,American Crow,Aves,8021
350870362,d4da298a-c10d-48fe-b8d3-9d092253179a,research,false,843,"SeaTac, WA, US",47.4446947273,-122.300611142,8,,,,8,,open,false,,,Seatac City Limits,King,American Crow,Corvus brachyrhynchos,American Crow,Aves,8021
350938237,6e5ce896-64a1-4ede-87cb-33489e30be64,research,false,2,"Holman Rd NW & 13th Ave NW, Seattle, WA 98117, USA",47.6981913482,-122.3719028011,30,,,,30,,open,false,gps,gps,,King,American Crow,Corvus brachyrhynchos,American Crow,Aves,8021
350943677,16ce9446-b1c8-4110-9caf-58427d7fb521,research,false,3,"Seattle, WA, US",47.657525,-122.431345,10,,,,10,,open,false,,,,King,American Crow,Corvus brachyrhynchos,American Crow,Aves,8021
350976397,8cbab34e-ac27-4aef-b040-336f79530e86,research,false,,"Somerset, Bellevue, WA 98006, USA",47.5638766667,-122.1520691667,,,,,,,open,false,,,Bellevue City Limits,King,American Crow,Corvus brachyrhynchos,American Crow,Aves,8021
351272836,d8cdcb01-c936-4e1a-9db3-057ceb1ce4fa,research,false,843,"15th Ave W, Seattle, WA, US",47.6425633333,-122.3763666667,7,,,,7,,open,false,,,,King,American Crow,Corvus brachyrhynchos,American Crow,Aves,8021
351330555,53195046-a5e5-4a35-aae0-e9c887cab6ae,research,false,2,"Phinney Ave N & N 55th St, Seattle, WA 98103, USA",47.6684359486,-122.350878641,352,,,,352,,open,false,gps,gps,,King,American Crow,Corvus brachyrhynchos,American Crow,Aves,8021
351356127,d11643d6-f408-492d-b53d-b155dcc47b79,research,false,843,"Wahkiakum Ln, Seattle, WA, US",47.6567716667,-122.2932883333,5,,,,5,,open,false,,,,King,American Crow,Corvus brachyrhynchos,American Crow,Aves,8021
351526165,ae6d84fe-178b-4dd1-91a4-cd32af209d8f,research,false,,"Southeast Redmond, Redmond, WA 98052, USA",47.66050266,-122.1104061693,4,,,,4,,open,false,,,,King,American Crow,Corvus brachyrhynchos,American Crow,Aves,8021
351648631,65b44fe3-b6a9-48e5-953b-6f9a4a37b081,research,false,,"Lake City, Seattle, WA, USA",47.7076413235,-122.3122425863,174,,,,174,,open,false,,,,King,American Crow,Corvus brachyrhynchos,American Crow,Aves,8021
351650098,163d04c1-34c7-4838-b641-f56eb5db27aa,research,false,843,"10th Ave E, Seattle, WA, US",47.6223366667,-122.319895,7,,,,7,,open,false,,,,King,American Crow,Corvus brachyrhynchos,American Crow,Aves,8021
351732865,71c6bd2e-06da-4d43-b5ad-626942b473fe,research,false,843,"E Lynn St, Seattle, WA, US",47.6394783333,-122.2989583333,4,,,,4,,open,false,,,,King,American Crow,Corvus brachyrhynchos,American Crow,Aves,8021
351801886,4e9dd13c-1057-4dc8-956e-122e3002fc5c,research,false,843,"Lake Washington Blvd E, Seattle, WA, US",47.627725,-122.2940833333,7,,,,7,,open,false,,,,King,American Crow,Corvus brachyrhynchos,American Crow,Aves,8021
351855106,6b0f9c6e-3884-40e5-a7f1-bab7bebd6311,research,false,2,"Fauntleroy, Seattle, WA, USA",47.5311671997,-122.3998456,,,,,,,open,false,gps,gps,,King,American Crow,Corvus brachyrhynchos,American Crow,Aves,8021
351877331,25ee85fe-0e59-43e9-a6f6-64a2b490ed0c,research,false,3,"5th Ave, Seattle, WA, US",47.605686134,-122.3306603008,13,,,,13,,open,false,,,,King,American Crow,Corvus brachyrhynchos,American Crow,Aves,8021
351882366,4e02cf72-9581-4516-a0da-c580ebe7e866,research,false,3,"E Jefferson St, Seattle, WA, US",47.606125,-122.31108,14,,,,14,,open,false,,,,King,American Crow,Corvus brachyrhynchos,American Crow,Aves,8021
351899292,681d53db-82c8-4f2b-bd2b-5d3eb1e0cf6c,research,false,3,"University of Washington, Seattle, WA, US",47.656405,-122.294145,5,,,,5,,open,false,,,,King,American Crow,Corvus brachyrhynchos,American Crow,Aves,8021
351899896,74fc255e-e930-4442-af16-37dca7bcb877,research,false,3,"University of Washington School of Law, Seattle, WA, US",47.6583666667,-122.3110416667,2,,,,2,,open,false,,,,King,American Crow,Corvus brachyrhynchos,American Crow,Aves,8021
351900241,331f9167-e214-4f75-861e-e9c25132291c,research,false,3,"Woodland Park Zoo, Seattle, WA, US",47.66707,-122.3535216667,21,,,,21,,open,false,,,,King,American Crow,Corvus brachyrhynchos,American Crow,Aves,8021
351912676,92af6df8-63a7-4fff-8e1b-0cdaeb5786fe,research,false,843,"Benton Ln, Seattle, WA, US",47.654495,-122.3068866667,14,,,,14,,open,false,,,,King,American Crow,Corvus brachyrhynchos,American Crow,Aves,8021
352081809,f63cb52f-26df-4920-be29-110b4479cb85,research,false,843,"W Stevens Way NE, Seattle, WA, US",47.6524913695,-122.3103140891,10,,,,10,,open,false,,,,King,American Crow,Corvus brachyrhynchos,American Crow,Aves,8021
352086950,c5f73ae3-97a2-4219-98dc-0f5fe55b3949,research,false,3,"N 68th St, Seattle, WA, US",47.6788166667,-122.3508083333,7,,,,7,,open,false,,,,King,American Crow,Corvus brachyrhynchos,American Crow,Aves,8021
352106802,cde53798-8b65-4ae6-916c-464488f58ab3,research,false,843,"Seattle, WA, US",47.6301206108,-122.2975881295,773,,,,773,,open,false,,,,King,American Crow,Corvus brachyrhynchos,American Crow,Aves,8021
352107172,11d06c1b-7fd2-4e9d-8908-f6a028be78d1,research,false,843,"Arboretum Dr E, Seattle, WA, US",47.632192766,-122.2946263151,871,,,,871,,open,false,,,,King,American Crow,Corvus brachyrhynchos,American Crow,Aves,8021
352127101,cb78da4a-e181-4ffc-b973-c812e7be1709,research,false,843,"Seattle, WA, US",47.6560207274,-122.2955375351,4,,,,4,,open,false,,,,King,American Crow,Corvus brachyrhynchos,American Crow,Aves,8021
352159032,b7a365b3-9aed-42d7-8291-8369e177fd9c,research,false,843,"Kirkland, WA, US",47.6964689492,-122.2127739159,75,,,,75,,open,false,,,,King,American Crow,Corvus brachyrhynchos,American Crow,Aves,8021
352787988,747a0fe3-ec32-4e80-9662-f4c27fc0628e,research,false,3,"NW 80th St, Seattle, WA, US",47.6866788454,-122.3926056155,11,,,,11,,open,false,,,,King,American Crow,Corvus brachyrhynchos,American Crow,Aves,8021
352931917,a8c469b4-44e8-4025-a945-710717ab9dbc,research,false,3,"22nd Ave NW, Seattle, WA, US",47.6705666667,-122.3846583333,4,,,,4,,open,false,,,,King,American Crow,Corvus brachyrhynchos,American Crow,Aves,8021
353023445,c241d01c-dfba-4176-8739-be956bd18905,research,false,843,"E Columbia St, Seattle, WA, US",47.6095971362,-122.3189624546,5,,,,5,,open,false,,,,King,American Crow,Corvus brachyrhynchos,American Crow,Aves,8021
353083064,4e8b0f06-4581-4f33-a3e3-1f5d45a5f525,research,false,3,"Warren G. Magnuson Park, Seattle, WA, US",47.6785962971,-122.2488856842,6,,,,6,,open,false,,,,King,American Crow,Corvus brachyrhynchos,American Crow,Aves,8021
353095574,3ca1849e-4907-492f-b97a-573d53dd49ab,research,false,3,"Warren G. Magnuson Park, Seattle, WA, US",47.6739799805,-122.2570624428,20,,,,20,,open,false,,,,King,American Crow,Corvus brachyrhynchos,American Crow,Aves,8021
353137529,80404029-66d5-4124-9dcb-3d4f6ebdd5fa,research,false,,"Inglewood-Finn Hill, Kirkland, WA 98034, USA",47.7225476099,-122.2324652129,61,,,,61,,open,false,,,,King,American Crow,Corvus brachyrhynchos,American Crow,Aves,8021
353141319,72fbb387-5af8-4c10-9928-c5a9f75c34d1,research,false,2,"Delridge Way SW & SW Andover St, Seattle, WA 98106, USA",47.5666713,-122.3669591,,,,,,,open,false,gps,gps,,King,American Crow,Corvus brachyrhynchos,American Crow,Aves,8021
353203293,709a9b3c-cf9e-407b-a095-d680eb0dd297,research,false,,"King, Washington, United States",47.7029836,-122.1672604997,,,,,,,open,false,,,,King,American Crow,Corvus brachyrhynchos,American Crow,Aves,8021
353247582,4d8648b4-f325-4efb-a68a-ffd452767f7a,research,false,3,"62nd Ave SW, Seattle, WA, US",47.5735482137,-122.412040886,4,,,,4,,open,false,,,,King,American Crow,Corvus brachyrhynchos,American Crow,Aves,8021
353293183,b9c7121c-7f58-400d-80ca-18a8c428b284,research,false,843,"Arboretum Loop Trail, Seattle, WA, US",47.6286216667,-122.2944133333,,,,,,,open,false,,,,King,American Crow,Corvus brachyrhynchos,American Crow,Aves,8021
353295752,3edf0330-500f-40dd-ae0d-18b6ba96bba5,research,false,,"Seattle, WA, USA",47.711006867,-122.3810764162,8,,,,8,,open,false,,,,King,American Crow,Corvus brachyrhynchos,American Crow,Aves,8021
353295827,8538012f-c261-4bf6-ba1a-b0171c94a2c8,research,false,,"Magnolia, Seattle, WA 98199, USA",47.6599587541,-122.4308471544,8,,,,8,,open,false,,,,King,American Crow,Corvus brachyrhynchos,American Crow,Aves,8021
353353529,2e3f7eae-cf40-4482-8771-e22624f12afd,research,false,3,"Union Bay Natural Area, Seattle, WA, US",47.6553633333,-122.290755,3,,,,3,,open,false,,,,King,American Crow,Corvus brachyrhynchos,American Crow,Aves,8021
353355980,a25cd9e8-8085-456f-994e-f5a432c123f9,research,false,2,"NE Ravenna Blvd & Park Rd NE, Seattle, WA 98105, USA",47.6703111111,-122.3064527778,,,,,,,open,false,gps,gps,,King,American Crow,Corvus brachyrhynchos,American Crow,Aves,8021
353691079,3a6b1999-cdf1-4535-a298-59169402d664,research,false,843,"Arboretum Loop Trail, Seattle, WA, US",47.6289916667,-122.2950633333,,,,,,,open,false,,,,King,American Crow,Corvus brachyrhynchos,American Crow,Aves,8021
353742185,75ead861-d02b-4750-8592-bfba67488169,research,false,843,"50th Pl S, Tukwila, WA, US",47.4903264827,-122.2693477698,126,,,,126,,open,false,,,Tukwila City Limits,King,American Crow,Corvus brachyrhynchos,American Crow,Aves,8021
353790650,c2f5c523-f1bc-4b9f-ab52-0507db56c660,research,false,843,"Snohomish Ln NE, Seattle, WA, US",47.652725,-122.3024533333,22,,,,22,,open,false,,,,King,American Crow,Corvus brachyrhynchos,American Crow,Aves,8021
353800172,f84a4c11-bb2d-44ad-9709-6cc46944d65b,research,false,333,Seattle,47.6812705994,-122.3278884888,4,,,,4,,open,false,,,,King,American Crow,Corvus brachyrhynchos,American Crow,Aves,8021
353840829,fd8c4231-6f78-4614-a9b6-18764a1375e7,research,false,3,"University of Washington, Seattle, WA, US",47.65578,-122.31672,19,,,,19,,open,false,,,,King,American Crow,Corvus brachyrhynchos,American Crow,Aves,8021
353858580,dac34de9-c0ee-4c52-a113-0e0b5653f671,research,false,843,"Arboretum Loop Trail, Seattle, WA, US",47.6298466667,-122.29547,,,,,,,open,false,,,,King,American Crow,Corvus brachyrhynchos,American Crow,Aves,8021
353955708,d13e9c6b-5352-4bc6-a1a6-b291e6ed1040,research,false,843,"Burke-Gilman Trail, Seattle, WA, US",47.655555,-122.3198466667,3,,,,3,,open,false,,,,King,American Crow,Corvus brachyrhynchos,American Crow,Aves,8021
354033882,39d54589-363e-4dfc-96c4-c455b14c8771,research,false,2,"1st Ave N & Republican St, Seattle, WA 98109, USA",47.6232854016,-122.3554782942,14,,,,14,,open,false,gps,gps,,King,American Crow,Corvus brachyrhynchos,American Crow,Aves,8021
354146711,7d16718f-34ef-42d9-b108-d841a6f14f3d,research,false,,"Arboretum, Seattle, WA 98112, USA",47.6327383392,-122.2942267323,571,,,,571,,open,false,,,,King,American Crow,Corvus brachyrhynchos,American Crow,Aves,8021
354148789,b7cbc25a-b6fe-4b8c-9c78-1c1302edd85f,research,false,,"Southeast Redmond, Redmond, WA 98052, USA",47.657542699,-122.1072103512,1171,,,,1171,,open,false,,,,King,American Crow,Corvus brachyrhynchos,American Crow,Aves,8021
354645385,12692597-2a1f-422c-9549-abd9261ee3e4,research,false,2,"Seward Park, Seattle, WA 98118, USA",47.5611315221,-122.2523758623,9,,,,9,,open,false,,,,King,American Crow,Corvus brachyrhynchos,American Crow,Aves,8021
354809806,c44f5406-e1d8-4357-bcb7-12de3bf7a862,research,false,843,"33rd Ave NE, Seattle, WA, US",47.6746547891,-122.2919581178,7,,,,7,,open,false,,,,King,American Crow,Corvus brachyrhynchos,American Crow,Aves,8021
354861436,a912118e-8c7c-4a73-ad6b-65477db1c57d,research,false,3,"133rd Ave NE, Woodinville, WA, US",47.7528533333,-122.1627971667,6,,,,6,,open,false,,,Woodinville City Limits,King,American Crow,Corvus brachyrhynchos,American Crow,Aves,8021
354993389,b4e5f448-16dc-46a6-8f10-0fd7d925a6c5,research,false,2,"35th Ave SW & SW Dawson St, Seattle, WA 98126, USA",47.5560018,-122.3774885,90,,,,90,,open,false,,,,King,American Crow,Corvus brachyrhynchos,American Crow,Aves,8021
355035461,5fb77d52-3bcf-462b-a727-8602187ee02a,research,false,,"Kent, WA, USA",47.3832630238,-122.1745871835,336,,,,336,,open,false,,,Kent City Limits,King,American Crow,Corvus brachyrhynchos,American Crow,Aves,8021
355318046,00423590-383e-4f3e-a85f-b98e79fd7e00,research,false,843,"N Beach Trail, Seattle, WA, US",47.6675466667,-122.4224033333,,,,,,,open,false,,,,King,American Crow,Corvus brachyrhynchos,American Crow,Aves,8021
355408479,863c33b7-0686-4821-b76d-4fdb70d4fea6,research,false,3,"Town Center at Lake Forest Park, Lake Forest Park, WA, US",47.7549181616,-122.2803448519,20,,,,20,,open,false,,,,King,American Crow,Corvus brachyrhynchos,American Crow,Aves,8021
355608936,4200c497-d651-4866-b390-be756fc5b229,research,false,843,"NW 54th St, Seattle, WA, US",47.6657666667,-122.3964383333,,,,,,,open,false,,,,King,American Crow,Corvus brachyrhynchos,American Crow,Aves,8021
355610500,b7dd6942-c781-488c-9ad0-68f00b71de9e,research,false,843,"W Commodore Way, Seattle, WA, US",47.6659283333,-122.4050866667,,,,,,,open,false,,,,King,American Crow,Corvus brachyrhynchos,American Crow,Aves,8021
355665027,7176f393-b84d-4629-b6fe-53bd9219c8a5,research,false,,"Seattle, WA, USA",47.665427347,-122.3986069718,180,,,,180,,open,false,,,,King,American Crow,Corvus brachyrhynchos,American Crow,Aves,8021
355665047,84aef34d-ca25-4be4-9241-32a25346e999,research,false,,"Seattle, WA, USA",47.665427347,-122.3986069718,180,,,,180,,open,false,,,,King,American Crow,Corvus brachyrhynchos,American Crow,Aves,8021
355665098,3d1ab503-cb5d-4e2f-9183-0536f61a02ee,research,false,,"Adams, Seattle, WA, USA",47.6668571899,-122.397422055,205,,,,205,,open,false,,,,King,American Crow,Corvus brachyrhynchos,American Crow,Aves,8021
355665430,e8347193-9e81-424e-a0dd-44ffe61232d9,research,false,,"Northlake, Seattle, WA, USA",47.645933281,-122.3355766878,235,,,,235,,open,false,,,,King,American Crow,Corvus brachyrhynchos,American Crow,Aves,8021
355665432,b19d7633-379c-4eaf-b003-9f339355590a,research,false,,"Northlake, Seattle, WA, USA",47.645933281,-122.3355766878,235,,,,235,,open,false,,,,King,American Crow,Corvus brachyrhynchos,American Crow,Aves,8021
355665455,79019482-f25c-42f9-9003-92efb234ad49,research,false,,"Northlake, Seattle, WA, USA",47.645933281,-122.3355766878,235,,,,235,,open,false,,,,King,American Crow,Corvus brachyrhynchos,American Crow,Aves,8021
355738420,3c9da0bc-faa8-4e65-8a03-c7f40955bb06,research,false,843,"Alki Ave SW, Seattle, WA, US",47.5748866667,-122.4189383333,4,,,,4,,open,false,,,,King,American Crow,Corvus brachyrhynchos,American Crow,Aves,8021
355744560,e4788b7b-030f-440b-8aa6-4967f9911e2a,research,false,3,"Union Bay Natural Area, Seattle, WA, US",47.6553283333,-122.2946083333,8,,,,8,,open,false,,,,King,American Crow,Corvus brachyrhynchos,American Crow,Aves,8021
355756175,76245bf8-6965-48d2-b0e6-562095bbd900,research,false,3,"Union Bay Natural Area, Seattle, WA, US",47.6543166667,-122.295005,15,,,,15,,open,false,,,,King,American Crow,Corvus brachyrhynchos,American Crow,Aves,8021
355909061,f0fc5344-f964-44d9-b509-a9e617ad2e9e,research,false,3,"NW 73rd St, Seattle, WA, US",47.6817780265,-122.3789933366,34,,,,34,,open,false,,,,King,American Crow,Corvus brachyrhynchos,American Crow,Aves,8021
355915769,715fb85e-992b-44ff-9d35-d11afa58fcb8,research,false,,"Licton Springs, Seattle, WA, USA",47.6977470226,-122.3340592527,17,,,,17,,open,false,,,,King,American Crow,Corvus brachyrhynchos,American Crow,Aves,8021
356177592,8b54467a-d768-40c7-8048-271e8d8cf7f7,research,false,,"University of Washington, Seattle, WA, USA",47.652705013,-122.3026973494,8,,,,8,,open,false,,,,King,American Crow,Corvus brachyrhynchos,American Crow,Aves,8021
356218087,e1609e3c-b8ab-4856-8bb1-82963591fdbd,research,false,843,"1st Ave W, Seattle, WA, US",47.6206236366,-122.3580580477,3,,,,3,,open,false,,,,King,American Crow,Corvus brachyrhynchos,American Crow,Aves,8021
356223557,2f2aa9d3-b3c2-4ae1-b99b-774eb3562d54,research,false,2,"15th Ave E & E Prospect St, Seattle, WA 98112, USA",47.6295472222,-122.3149583333,,,,,,,open,false,gps,gps,,King,American Crow,Corvus brachyrhynchos,American Crow,Aves,8021
356379088,d0063491-6bb3-4e00-a2b1-b4a9a5d01805,research,false,,"Adams, Seattle, WA, USA",47.673204707,-122.3875024075,10,,,,10,,open,false,,,,King,American Crow,Corvus brachyrhynchos,American Crow,Aves,8021
356383633,666bb2d8-b379-4d60-baa8-531b1c2e31a1,research,false,,"Adams, Seattle, WA, USA",47.6716242856,-122.3870678058,17,,,,17,,open,false,,,,King,American Crow,Corvus brachyrhynchos,American Crow,Aves,8021
356614845,85ad356d-c799-4516-bc6a-dca77dc9ece9,needs_id,false,3,"Lincoln Park, Seattle, WA, US",47.5308220848,-122.4007488368,312,,,,312,,open,false,,,,King,American Crow,Corvus brachyrhynchos,American Crow,Aves,8021
356710271,c8c4decd-9f7e-46e9-b8e7-0efc07256a63,research,false,843,"NE Juanita Dr, Kirkland, WA, US",47.705325,-122.2133166667,2,,,,2,,open,false,,,,King,American Crow,Corvus brachyrhynchos,American Crow,Aves,8021
356714957,4853e03c-ecbb-4c7b-a2ea-81fb9f648dce,research,false,3,"University of Washington, Seattle, WA, US",47.660105,-122.3104166667,4,,,,4,,open,false,,,,King,American Crow,Corvus brachyrhynchos,American Crow,Aves,8021
356716993,4a15cbd1-9a6c-4eaf-895c-e1b7234927d8,research,false,843,"52nd Ave SW, Seattle, WA, US",47.5635052445,-122.398934282,515,,,,515,,open,false,,,,King,Common Raven,Corvus brachyrhynchos,American Crow,Aves,8021
356717149,b605ee4e-f8f8-43d1-a161-cfe9cd0a01a7,research,false,843,"SW Genesee St, Seattle, WA, US",47.564766325,-122.3970892933,242,,,,242,,open,false,,,,King,American Crow,Corvus brachyrhynchos,American Crow,Aves,8021
356912255,fc99df72-f66e-4433-929b-732236d0bfbb,research,false,3,"Fremont Ave N, Seattle, WA, US",47.6544633333,-122.3497916667,3,,,,3,,open,false,,,,King,American Crow,Corvus brachyrhynchos,American Crow,Aves,8021
356989175,70a900ce-fcdb-41ab-9e5f-f833d2846f20,research,false,2,"Bellevue Transit Center - Bay 12, Bellevue, WA 98004, USA",47.61537153,-122.19605772,5,,,,5,,open,false,,,Bellevue City Limits,King,American Crow,Corvus brachyrhynchos,American Crow,Aves,8021
357189540,825ebd97-94a6-44b3-b6ec-c56ea1f3cd26,research,false,843,"Ravenna Ave NE, Seattle, WA, US",47.6709452664,-122.3062089391,4,,,,4,,open,false,,,,King,American Crow,Corvus brachyrhynchos,American Crow,Aves,8021
357316367,951dc742-17ce-40e2-8074-6da66798989c,research,false,3,"Loyal Heights Playfield, Seattle, WA, US",47.6832083333,-122.3827133333,6,,,,6,,open,false,,,,King,American Crow,Corvus brachyrhynchos,American Crow,Aves,8021
357693559,600d5db4-e15c-42ca-802d-98e6a148ae04,research,false,843,"34th Ave, Seattle, WA, US",47.6146554021,-122.289449616,24,,,,24,,open,false,,,,King,American Crow,Corvus brachyrhynchos,American Crow,Aves,8021
358032614,47396542-18d4-4f43-aaf5-0571e4c06ae7,research,false,3,"Fremont Canal Park, Seattle, WA, US",47.65167,-122.357155,43,,,,43,,open,false,,,,King,American Crow,Corvus brachyrhynchos,American Crow,Aves,8021
358057652,7e3a04d0-76fa-442b-8777-8600c1242a42,research,false,,"1410 NE Campus Pkwy, Seattle, WA 98195, USA",47.6565919,-122.3126783,163,,,,163,,open,false,,,,King,American Crow,Corvus brachyrhynchos,American Crow,Aves,8021
358118400,ddfbb5be-ff32-4668-a7fb-cbdcadbdbf72,research,false,333,Des Moines,47.4031677246,-122.3299636841,4,,,,4,,open,false,,,Des Moines City Limits,King,American Crow,Corvus brachyrhynchos,American Crow,Aves,8021
358155468,948932a7-b216-4da0-adc6-81763795a7fb,research,false,,"Southeast Redmond, Redmond, WA 98052, USA",47.6538805556,-122.1081388889,,,,,,,open,false,,,,King,American Crow,Corvus brachyrhynchos,American Crow,Aves,8021
358398047,cb96809c-7712-458c-a5be-89c117f4a302,research,false,843,"42nd Ave SW, Seattle, WA, US",47.5637004732,-122.3853855313,23,,,,23,,open,false,,,,King,American Crow,Corvus brachyrhynchos,American Crow,Aves,8021
358417306,ba9d4aca-ea0d-4d0c-b13f-85b59b62346f,research,false,3,"University of Washington, Seattle, WA, US",47.6520460773,-122.311019639,5,,,,5,,open,false,,,,King,American Crow,Corvus brachyrhynchos,American Crow,Aves,8021
358425792,e1d23dc8-74e0-4785-b844-a678b5ca0cf3,research,false,3,"Union Bay Natural Area, Seattle, WA, US",47.6540966667,-122.2948133333,14,,,,14,,open,false,,,,King,American Crow,Corvus brachyrhynchos,American Crow,Aves,8021
358455346,e9f0b4e8-af05-4783-988b-e0fad5a5904b,research,false,843,"Okanogan Ln NE, Seattle, WA, US",47.6528033333,-122.3094466667,8,,,,8,,open,false,,,,King,Cuervo Norteamericano,Corvus brachyrhynchos,American Crow,Aves,8021
358500006,08c05d8c-2a8a-4c11-8987-77b7812e767d,research,false,3,"S Frontenac St, Seattle, WA, US",47.5398533333,-122.291275,14,,,,14,,open,false,,,,King,American Crow,Corvus brachyrhynchos,American Crow,Aves,8021
358530661,41d4a9ac-47e0-4047-9463-7d865bfa372c,research,false,2,"Broadview, Seattle, WA, USA",47.7111142394,-122.3791216314,19,,,,19,,open,false,gps,gps,,King,American Crow,Corvus brachyrhynchos,American Crow,Aves,8021
358616364,182e067f-0b4a-435c-9b24-deac187b4a43,research,false,843,"Seattle, WA, US",47.528755,-122.3963166667,2,,,,2,,open,false,,,,King,American Crow,Corvus brachyrhynchos,American Crow,Aves,8021
358771715,2b4faf44-849f-4380-95dc-ebc9d4b69fba,research,false,3,"King County, US-WA, US",47.557476626,-122.3961658939,6,,,,26839,obscured,open,true,,,,King,American Crow,Corvus brachyrhynchos,American Crow,Aves,8021
358860588,02a90f5e-a99a-4f72-bff8-d18b0bc0b472,research,false,843,"Seattle, WA, US",47.52742,-122.396125,2,,,,2,,open,false,,,,King,American Crow,Corvus brachyrhynchos,American Crow,Aves,8021
358931289,d4b5fe3b-435b-4efa-932d-c5bc4c4ed8dd,research,false,843,"E Madison St, Seattle, WA, US",47.6255216667,-122.2930216667,7,,,,7,,open,false,,,,King,American Crow,Corvus brachyrhynchos,American Crow,Aves,8021
358988432,0c54a233-f1de-4aa2-8a8e-5a8c16385c2a,research,false,843,"Lake Washington Blvd E, Seattle, WA, US",47.62747,-122.2937783333,10,,,,10,,open,false,,,,King,American Crow,Corvus brachyrhynchos,American Crow,Aves,8021
358995607,aa33a09b-9235-4764-b7be-3cbcca42a0d7,research,false,,"University District, Seattle, WA 98105, USA",47.659006213,-122.3137525208,117,,,,117,,open,false,,,,King,American Crow,Corvus brachyrhynchos,American Crow,Aves,8021
359047409,6d43dd5d-e8a4-4c4c-87f2-171bd1426080,research,false,2,"Stevens Way & Rainier Vista NE, Seattle, WA 98195, USA",47.6533595,-122.307459,75,,,,75,,open,false,,,,King,American Crow,Corvus brachyrhynchos,American Crow,Aves,8021
359092021,d8a35309-75ec-4922-813b-e026cbbd4ac6,research,false,843,"NE Marymoor Way, Redmond, WA, US",47.6562916667,-122.1131221667,10,,,,10,,open,false,,,,King,American Crow,Corvus brachyrhynchos,American Crow,Aves,8021
359092143,ec3076f8-c243-4ea0-a994-8bb2a443d751,research,false,843,"NE Marymoor Way, Redmond, WA, US",47.6611833333,-122.1107028333,2,,,,2,,open,false,,,,King,American Crow,Corvus brachyrhynchos,American Crow,Aves,8021
359092577,2b572683-0f0a-4b58-b0cc-f54575fde463,research,false,843,"171st Pl NE, Bellevue, WA, US",47.6176404428,-122.1130288016,41,,,,41,,open,false,,,Bellevue City Limits,King,American Crow,Corvus brachyrhynchos,American Crow,Aves,8021
359236648,19978fa8-2691-49da-a846-26fa499646d4,research,false,843,"Arboretum Dr E, Seattle, WA, US",47.6283383333,-122.2941283333,4,,,,4,,open,false,,,,King,American Crow,Corvus brachyrhynchos,American Crow,Aves,8021
359250802,5cc9aa44-bf5a-47d8-8106-6e268f5fc334,research,false,843,"5th Ave N, Seattle, WA, US",47.6223983104,-122.3478061707,6,,,,6,,open,false,,,,King,American Crow,Corvus brachyrhynchos,American Crow,Aves,8021
359251924,0c957046-c7b7-4144-aa60-50cb3d1a3408,research,false,843,"5th Ave N, Seattle, WA, US",47.6243192932,-122.3473389019,7,,,,7,,open,false,,,,King,American Crow,Corvus brachyrhynchos,American Crow,Aves,8021
359390791,cce34696-c85a-4d9d-b8a3-fd7636da933b,research,false,843,"E Allison St, Seattle, WA, US",47.6488671127,-122.3196721757,8333,,,,8333,,open,false,,,,King,American Crow,Corvus brachyrhynchos,American Crow,Aves,8021
359539608,945a3490-ddf1-483f-9e55-9464e35bb9a0,research,false,843,"Lake Washington Blvd E, Seattle, WA, US",47.6263166667,-122.292695,45,,,,45,,open,false,,,,King,American Crow,Corvus brachyrhynchos,American Crow,Aves,8021
359541964,367907eb-55cc-4ad9-8447-75f1732441d0,research,false,843,"Azalea Way E, Seattle, WA, US",47.63868,-122.2963033333,10,,,,10,,open,false,,,,King,American Crow,Corvus brachyrhynchos,American Crow,Aves,8021
359730781,a40583b9-04cb-4f58-a87b-a26c448f83ba,research,false,843,"Waterfront Loop Trail, Seattle, WA, US",47.655445,-122.292255,1,,,,1,,open,false,,,,King,American Crow,Corvus brachyrhynchos,American Crow,Aves,8021
359864294,26355114-aec2-46bb-9bd9-bd6ec96d2487,research,false,3,"N 68th St, Seattle, WA, US",47.6788333333,-122.3509833333,4,,,,4,,open,false,,,,King,American Crow,Corvus brachyrhynchos,American Crow,Aves,8021
359911000,ad561626-fbfb-48cd-b362-49b293a639f4,research,false,843,"Seattle, WA, US",47.6475366667,-122.3031083333,2,,,,2,,open,false,,,,King,American Crow,Corvus brachyrhynchos,American Crow,Aves,8021
360013518,ccb508bb-f9a3-4ccd-a189-61533928ac92,research,false,3,"Discovery Park, Seattle, WA, US",47.6557616667,-122.4165283333,3,,,,3,,open,false,,,,King,American Crow,Corvus brachyrhynchos,American Crow,Aves,8021
360309160,f523a081-4c53-46e1-ac60-598ab4d64b70,research,false,843,"W Highland Dr, Seattle, WA, US",47.6294334456,-122.3602739901,94,,,,94,,open,false,,,,King,American Crow,Corvus brachyrhynchos,American Crow,Aves,8021
360390840,a7f2fac2-0cc6-4318-9bb4-d761e2706e4d,research,false,3,"University of Washington, Seattle, WA, US",47.6525166667,-122.30915,23,,,,23,,open,false,,,,King,American Crow,Corvus brachyrhynchos,American Crow,Aves,8021
360408592,94457616-8867-4cf1-b402-c9117f3b694e,research,false,843,"Green Lake Trail, Seattle, WA, US",47.67308,-122.3367166667,14,,,,14,,open,false,,,,King,American Crow,Corvus brachyrhynchos,American Crow,Aves,8021
360427973,88a7b27e-5972-43d6-afc9-f833a281d39c,research,false,3,"Phinney Ave N, Seattle, WA, US",47.6780966667,-122.3543166667,2,,,,2,,open,false,,,,King,American Crow,Corvus brachyrhynchos,American Crow,Aves,8021
360444637,28809125-7ab3-4ae6-81e8-76dce5a96d44,research,false,843,"95th Ave NE, Kirkland, WA, US",47.7271783333,-122.21627,4,,,,4,,open,false,,,,King,American Crow,Corvus brachyrhynchos,American Crow,Aves,8021
360530197,eeb3e991-a4cf-40bb-910e-0c74e89b1cb8,research,false,,"Kent, WA, USA",47.41239,-122.2773283333,24,,,,24,,open,false,,,Kent City Limits,King,American Crow,Corvus brachyrhynchos,American Crow,Aves,8021
360594806,168a213b-98a6-4632-b384-93e52d39edba,research,false,2,"Wedgwood, Seattle, WA 98115, USA",47.6921194444,-122.2853527778,,,,,,,open,false,gps,gps,,King,American Crow,Corvus brachyrhynchos,American Crow,Aves,8021
360777379,5976c319-78c3-4bad-9497-52f6692a6e8f,research,false,3,"Mount Pleasant Cemetery, Seattle, WA, US",47.6459966731,-122.36663,20,,,,20,,open,false,,,,King,American Crow,Corvus brachyrhynchos,American Crow,Aves,8021
360777466,c5d6263d-385a-4cdb-8615-e1639a6b217e,research,false,3,"Mount Pleasant Cemetery, Seattle, WA, US",47.6467410606,-122.3668183385,6,,,,6,,open,false,,,,King,American Crow,Corvus brachyrhynchos,American Crow,Aves,8021
360788544,a0f54af8-376d-4527-bb61-72b8c9039324,research,false,2,"Sunset Hill, Seattle, WA, USA",47.6894416667,-122.4031944444,,,,,,,open,false,gps,gps,,King,American Crow,Corvus brachyrhynchos,American Crow,Aves,8021
360800497,9a04323d-bbb4-4896-850f-626ca20fa8af,research,false,3,"E Madison St, Seattle, WA, US",47.6242,-122.29542,1,,,,1,,open,false,,,,King,American Crow,Corvus brachyrhynchos,American Crow,Aves,8021
360930416,1aa9b283-d6ee-4999-9758-d04091d6373a,research,false,2,"Sand Point, Seattle, WA 98115, USA",47.6739861111,-122.2514416667,,,,,,,open,false,gps,gps,,King,American Crow,Corvus brachyrhynchos,American Crow,Aves,8021
360970822,05651bb1-2d86-4f96-a726-7a3b07492bd4,research,false,3,"Alaska Airlines Arena at Hec Edmundson Pavilion, Seattle, WA, US",47.6526866667,-122.3024883333,4,,,,4,,open,false,,,,King,American Crow,Corvus brachyrhynchos,American Crow,Aves,8021
361077642,0bf83d49-ffd0-4bf7-836c-9c7034b74ce4,research,false,843,"Arboretum Dr E, Seattle, WA, US",47.6295383333,-122.2939966667,,,,,,,open,false,,,,King,American Crow,Corvus brachyrhynchos,American Crow,Aves,8021
361077885,053a6cdd-5246-4912-a632-7953201243ec,research,false,843,"Seattle, WA, US",47.63957,-122.2984783333,,,,,,,open,false,,,,King,American Crow,Corvus brachyrhynchos,American Crow,Aves,8021
361178315,a045a811-fc2b-4636-b88c-117712b0dc7c,research,false,843,"E Madison St, Seattle, WA, US",47.6242,-122.29542,1,,,,1,,open,false,,,,King,American Crow,Corvus brachyrhynchos,American Crow,Aves,8021
361415986,5e06149c-2024-4075-9999-1d06abc6987a,research,false,,"Kent, WA, USA",47.4050611111,-122.2734972222,,,,,,,open,false,,,Kent City Limits,King,American Crow,Corvus brachyrhynchos,American Crow,Aves,8021
361416008,c724358d-dcc9-45d4-af6a-50eb521d9229,research,false,,"Kent, WA, USA",47.4059416667,-122.271125,,,,,,,open,false,,,Kent City Limits,King,American Crow,Corvus brachyrhynchos,American Crow,Aves,8021
361416010,6fef2b3f-d991-431d-9886-f7d5fd862ef5,research,false,,"Kent, WA, USA",47.4064611111,-122.270325,,,,,,,open,false,,,Kent City Limits,King,American Crow,Corvus brachyrhynchos,American Crow,Aves,8021
361416028,4dc7fdae-32de-4d02-99ed-2bfc0d447cad,research,false,,"Kent, WA, USA",47.4097666667,-122.2659138889,,,,,,,open,false,,,Kent City Limits,King,American Crow,Corvus brachyrhynchos,American Crow,Aves,8021
361500450,cdff5e04-1d23-4c91-8209-27dd0a86367b,research,false,843,"Roy St, Seattle, WA, US",47.6254911388,-122.3494946181,13,,,,13,,open,false,,,,King,American Crow,Corvus brachyrhynchos,American Crow,Aves,8021
361527778,aaf47603-9184-43d0-92c0-6e37e695da67,research,false,2,"Lawton Park, Seattle, WA 98199, USA",47.6649278619,-122.3994547874,34,,,,34,,open,false,gps,gps,,King,American Crow,Corvus brachyrhynchos,American Crow,Aves,8021
361573380,721613d5-6f8c-493f-a23f-b6eec01375e0,research,false,843,"Arboretum Loop Trail, Seattle, WA, US",47.6285383333,-122.2942116667,,,,,,,open,false,,,,King,American Crow,Corvus brachyrhynchos,American Crow,Aves,8021
361575246,db6c2314-f57e-439f-8b63-ff94a5740445,research,false,,"Fauntleroy, Seattle, WA, USA",47.5320456345,-122.3962300328,8,,,,8,,open,false,,,,King,American Crow,Corvus brachyrhynchos,American Crow,Aves,8021
361615171,9942b969-34ab-45a5-92ee-fb746988fda7,research,false,,"South Juanita, Kirkland, WA, USA",47.7044942371,-122.2154260117,220,,,,220,,open,false,,,,King,American Crow,Corvus brachyrhynchos,American Crow,Aves,8021
361732628,e4739a61-b119-4b80-9a1f-b02ef19db88d,research,false,843,"King County, US-WA, US",47.5518133333,-122.2285216667,17,,,,17,,open,false,,,,King,American Crow,Corvus brachyrhynchos,American Crow,Aves,8021
361800757,c8f969f8-e685-4b9d-ae43-fc8dc500a22e,research,false,2,"Othello, Seattle, WA 98118, USA",47.5384991565,-122.2820927203,12,,,,12,,open,false,gps,gps,,King,American Crow,Corvus brachyrhynchos,American Crow,Aves,8021
361849103,7a9389d6-8b65-4568-8f4d-64f41cfe8146,research,false,,"Moss Bay, Kirkland, WA 98033, USA",47.6772429554,-122.2017216393,116,,,,116,,open,false,,,,King,American Crow,Corvus brachyrhynchos,American Crow,Aves,8021
361850488,f6a0ef2f-905c-4c00-a938-eacfb83f3a1e,research,false,,"2300 Arboretum Dr E, Seattle, WA 98112, USA",47.6364162,-122.2958146,934,,,,934,,open,false,,,,King,American Crow,Corvus brachyrhynchos,American Crow,Aves,8021
361851819,6f62f634-598e-4422-9c4b-102fc032e50e,research,false,,"Capitol Hill, Seattle, WA, USA",47.6303750348,-122.3153065098,322,,,,322,,open,false,,,,King,American Crow,Corvus brachyrhynchos,American Crow,Aves,8021
361867462,9ed98bc0-bb6f-4668-a778-67d5cdc30386,research,false,,"16725 30th Ave NE, Lake Forest Park, WA 98155, USA",47.7498212845,-122.2975201563,,,,,,,open,false,,,,King,American Crow,Corvus brachyrhynchos,American Crow,Aves,8021
361881503,390d68a1-53c6-4fdc-941e-2dc4d2f4289f,research,false,843,"N 82nd St, Seattle, WA, US",47.6885533333,-122.3476716667,13,,,,13,,open,false,,,,King,American Crow,Corvus brachyrhynchos,American Crow,Aves,8021
362131352,0629239c-7423-468e-af7d-d813829f7e8b,research,false,843,"NE 75th St, Seattle, WA, US",47.6830366667,-122.2743916667,3444,,,,3444,,open,false,,,,King,American Crow,Corvus brachyrhynchos,American Crow,Aves,8021
362219903,b569131b-2a73-44cf-bb9d-ff49d5fdf98c,research,false,2,"Shoreline, WA 98177, USA",47.7251889094,-122.3762972653,455,,,,455,,open,false,gps,gps,,King,American Crow,Corvus brachyrhynchos,American Crow,Aves,8021
362235568,1b140da9-4ff1-42ea-ab9d-c8d85ead8c9e,research,false,2,"Phinney Ridge, Seattle, WA, USA",47.665713403,-122.3490634561,4,,,,4,,open,false,gps,gps,,King,American Crow,Corvus brachyrhynchos,American Crow,Aves,8021
362572333,32f3fdf5-6fee-481b-8900-206c95b58d2a,research,false,2,"Holman Rd NW & 13th Ave NW, Seattle, WA 98117, USA",47.6980652081,-122.3726772889,8,,,,8,,open,false,gps,gps,,King,American Crow,Corvus brachyrhynchos,American Crow,Aves,8021
362628017,ee64ad65-28bb-4e20-a6fa-cf79735b1bb0,research,false,,"Somerset, Bellevue, WA 98006, USA",47.5595602778,-122.1494827778,,,,,,,open,false,,,Bellevue City Limits,King,American Crow,Corvus brachyrhynchos,American Crow,Aves,8021
362628019,0ce0f0f5-f1b3-455b-b82c-ddce2ac83648,research,false,,"Somerset, Bellevue, WA 98006, USA",47.5609677778,-122.1490152778,,,,,,,open,false,,,Bellevue City Limits,King,American Crow,Corvus brachyrhynchos,American Crow,Aves,8021
362650476,c98e7eb6-2151-4e62-9014-41b26455dac4,research,false,843,"E Madison St, Seattle, WA, US",47.6242,-122.29542,1,,,,1,,open,false,,,,King,American Crow,Corvus brachyrhynchos,American Crow,Aves,8021
362651502,4cf7901d-f837-4479-8184-13512f70208b,research,false,843,"Azalea Way E, Seattle, WA, US",47.63613,-122.2962866667,1,,,,1,,open,false,,,,King,American Crow,Corvus brachyrhynchos,American Crow,Aves,8021
362881471,eb367a0c-1b96-4c85-8a24-46a4b5fcf06b,research,false,843,"NE Grant Ln, Seattle, WA, US",47.6545958996,-122.3082363564,71,,,,71,,open,false,,,,King,American Crow,Corvus brachyrhynchos,American Crow,Aves,8021
362901369,1cf0c5a2-a814-441f-af67-b6ed4042fc3f,research,false,3,"Boren Ave N, Seattle, WA, US",47.6251966667,-122.3358616667,19,,,,19,,open,false,,,,King,American Crow,Corvus brachyrhynchos,American Crow,Aves,8021
362959157,563e0b44-8e10-4ee7-bf41-9a17973e2e50,research,false,843,"Seattle, WA, US",47.55483,-122.25287,,,,,,,open,false,,,,King,American Crow,Corvus brachyrhynchos,American Crow,Aves,8021
363119180,38cfdab1-75bd-4bfd-8512-43c939e0d043,research,false,333,Seattle,47.5810890198,-122.4068450928,396,,,,396,,open,false,,,,King,American Crow,Corvus brachyrhynchos,American Crow,Aves,8021
363123232,8b12d17a-9f25-4605-a0c8-f7b16754863f,research,false,,"University Heights, Seattle, WA, USA",47.6707833333,-122.3130388889,,,,,,,open,false,,,,King,American Crow,Corvus brachyrhynchos,American Crow,Aves,8021
363414330,3b4e60d9-3d01-4450-8ebd-ebd1b982b8aa,research,false,,"King County, US-WA, US",47.6323388889,-122.2967694444,,,,,,,open,false,,,,King,American Crow,Corvus brachyrhynchos,American Crow,Aves,8021
363512808,cc497783-496c-466b-8f33-a1aa39d97639,research,false,843,"19th Ave NE, Seattle, WA, US",47.6658295136,-122.3073235042,16,,,,16,,open,false,,,,King,American Crow,Corvus brachyrhynchos,American Crow,Aves,8021
363581114,86c7bb06-16f3-49e3-ac99-8a3984f2dd35,research,false,,"Sunset Hill, Seattle, WA, USA",47.6933395555,-122.4032145831,200,,,,200,,open,false,,,,King,American Crow,Corvus brachyrhynchos,American Crow,Aves,8021
364020287,8d1b38ef-d675-4e8a-9be8-4d298bf0d970,research,false,843,"24th Ave E, Seattle, WA, US",47.639605,-122.3020633333,,,,,,,open,false,,,,King,American Crow,Corvus brachyrhynchos,American Crow,Aves,8021
364110710,870a55ca-2500-45c0-852a-764afce1b097,research,false,2,"Fauntleroy, Seattle, WA, USA",47.5318777778,-122.3963944444,,,,,,,open,false,gps,gps,,King,American Crow,Corvus brachyrhynchos,American Crow,Aves,8021
364169971,ed002db9-ee5f-4f42-a2f1-dfea819b45d2,research,false,999,"Walla Walla Rd, Seattle, WA, US",47.6547033333,-122.299125,,,,,,,open,false,,,,King,American Crow,Corvus brachyrhynchos,American Crow,Aves,8021
364170149,90b66ebe-5a71-4308-b455-5b5d6f3878a3,research,false,999,"Azalea Way E, Seattle, WA, US",47.63193,-122.2960666667,,,,,,,open,false,,,,King,American Crow,Corvus brachyrhynchos,American Crow,Aves,8021
364170239,503d9163-735b-4ab2-b5d3-032716f17d65,research,false,999,"Azalea Way E, Seattle, WA, US",47.63193,-122.2960666667,,,,,,,open,false,,,,King,American Crow,Corvus brachyrhynchos,American Crow,Aves,8021
364376367,8de0dbce-eacf-4f9f-a6bc-e603e840cb97,research,false,2,"Queen Anne Ave N & W Garfield St, Seattle, WA 98109, USA",47.632927,-122.3569343,,,,,,,open,false,gps,gps,,King,American Crow,Corvus brachyrhynchos,American Crow,Aves,8021
364500185,b953a55d-4eda-425e-9dd5-659f80a565c1,needs_id,false,3,"Warren G. Magnuson Park, Seattle, WA, US",47.681555,-122.2556616667,4,,,,4,,open,false,,,,King,American Crow,Corvus brachyrhynchos,American Crow,Aves,8021
364500660,78fb95eb-bf9e-4036-aabf-1f97d7033ab9,research,false,3,"Warren G. Magnuson Park, Seattle, WA, US",47.681495,-122.255675,4,,,,4,,open,false,,,,King,American Crow,Corvus brachyrhynchos,American Crow,Aves,8021
364543437,94e48a95-95ed-48fb-988a-fc729eac7562,research,false,843,"Fremont Way N, Seattle, WA, US",47.6512416667,-122.347345,10,,,,10,,open,false,,,,King,American Crow,Corvus brachyrhynchos,American Crow,Aves,8021
364755341,6a5d3aa8-7052-4083-9837-e09de42a809f,research,false,2,"Seatac Arpt, SeaTac, WA 98158, USA",47.4438166667,-122.3032138889,,,,,,,open,false,,,Seatac City Limits,King,American Crow,Corvus brachyrhynchos,American Crow,Aves,8021
364785404,4a73c19d-ba86-4272-8576-6f5f727ee890,research,false,2,"Ravenna, Seattle, WA, USA",47.6723542413,-122.3087656125,10,,,,10,,open,false,gps,gps,,King,American Crow,Corvus brachyrhynchos,American Crow,Aves,8021
364852620,41325a03-9bc0-4d7c-ac16-3e5b661fd84f,research,false,3,"N 68th St, Seattle, WA, US",47.6787616667,-122.3483716667,3,,,,3,,open,false,,,,King,American Crow,Corvus brachyrhynchos,American Crow,Aves,8021
364897865,5335d57a-6bcd-4860-beee-e67cbbec4ed6,research,false,843,"Rainier Ave S, Renton, WA, US",47.4775332492,-122.216230156,3,,,,3,,open,false,,,Renton City Limits,King,American Crow,Corvus brachyrhynchos,American Crow,Aves,8021
364898163,1ad55926-38b2-4171-b3cf-55bbfbdad184,research,false,843,"Kirkland, WA, US",47.6775883333,-122.2005616667,6,,,,6,,open,false,,,,King,American Crow,Corvus brachyrhynchos,American Crow,Aves,8021
364924708,fcbe2069-a939-4de8-8f87-d5a589133790,research,false,999,"39th Ave NE, Seattle, WA, US",47.706405,-122.2889716667,,,,,,,open,false,,,,King,American Crow,Corvus brachyrhynchos,American Crow,Aves,8021
364925086,d2e982f4-f069-4fa8-8f3b-b9e9b9883a45,research,false,999,"Arboretum Loop Trail, Seattle, WA, US",47.6289283333,-122.295105,,,,,,,open,false,,,,King,American Crow,Corvus brachyrhynchos,American Crow,Aves,8021
364925186,46b30560-5f5b-458b-b9b5-63cf6a520395,research,false,999,"Arboretum Dr E, Seattle, WA, US",47.628395,-122.2940883333,,,,,,,open,false,,,,King,American Crow,Corvus brachyrhynchos,American Crow,Aves,8021
365141331,df0bd526-e396-4421-a41a-bc682937dc2b,research,false,843,"Harrison St, Seattle, WA, US",47.6221209034,-122.3399888682,7,,,,7,,open,false,,,,King,American Crow,Corvus brachyrhynchos,American Crow,Aves,8021
365267467,0a3e14ef-cb72-4216-8973-49155d37420e,research,false,,"King, Washington, United States",47.7118133167,-122.3781066667,,,,,,,open,false,,,,King,American Crow,Corvus brachyrhynchos,American Crow,Aves,8021
365316942,089c0889-94aa-4b0b-93f8-ef06d3bfed97,research,false,999,"King County, US-WA, US",47.6573466667,-122.2896283333,,,,,,,open,false,,,,King,American Crow,Corvus brachyrhynchos,American Crow,Aves,8021
365447782,16bcbb12-c128-4c85-96a8-7baa72dc1a25,research,false,3,"University of Washington, Seattle, WA, US",47.651345,-122.3081883333,4,,,,4,,open,false,,,,King,American Crow,Corvus brachyrhynchos,American Crow,Aves,8021
365526520,5c7504c6-7c50-4441-badf-b17951712c0f,research,false,843,"NE 180th St, Bothell, WA, US",47.75833,-122.2071533333,2,,,,2,,open,false,,,Bothell City Limits,King,American Crow,Corvus brachyrhynchos,American Crow,Aves,8021
365647918,1b94797e-be7b-4f7c-bf75-41c1be5575c5,research,false,2,"Kaysner Way & Woodinville Dr, Bothell, WA 98011, USA",47.7594143997,-122.2004541,,,,,,,open,false,,,Bothell City Limits,King,American Crow,Corvus brachyrhynchos,American Crow,Aves,8021
365885039,64d6d458-3cac-4b98-922a-86f56a498fcf,research,false,,"Ravenna, Seattle, WA, USA",47.6697722222,-122.3017361111,5,,,,5,,open,false,,,,King,American Crow,Corvus brachyrhynchos,American Crow,Aves,8021
366071763,9c7b8bac-a8d3-4e46-a73d-efbfadb2bfa0,needs_id,false,2,"Woodinville Dr & Kaysner Way, Bothell, WA 98011, USA",47.7593833997,-122.2008749997,,,,,,,open,false,gps,gps,Bothell City Limits,King,American Crow,Corvus brachyrhynchos,American Crow,Aves,8021
366134397,77b44fe0-d505-4346-8199-3c2cfef2a486,research,false,999,"King County, US-WA, US",47.6241966667,-122.2965216667,,,,,,,open,false,,,,King,American Crow,Corvus brachyrhynchos,American Crow,Aves,8021
366208299,677ca61e-e9c8-4858-820f-a79e4982dcb1,research,false,,"Rainier Valley, Seattle, WA, USA",47.5495910645,-122.2540130615,,,,,,,open,false,,,,King,American Crow,Corvus brachyrhynchos,American Crow,Aves,8021
366208308,078c4ff1-a5da-4361-b8a1-05916c9c0641,research,false,,"Rainier Valley, Seattle, WA, USA",47.5510902405,-122.2520370483,,,,,,,open,false,,,,King,American Crow,Corvus brachyrhynchos,American Crow,Aves,8021
366209265,c32d4235-244a-40a5-b40f-46167abae0db,research,false,843,"Ravenna Ave NE, Seattle, WA, US",47.6716961434,-122.3032796131,4,,,,4,,open,false,,,,King,American Crow,Corvus brachyrhynchos,American Crow,Aves,8021
366231273,0b2de448-f8ad-41f3-afb7-204f0e50b0c6,research,false,2,"NE Bothell Way & 73rd Ave NE, Kenmore, WA 98028, USA",47.7573065997,-122.2440352997,,,,,,,open,false,gps,gps,,King,American Crow,Corvus brachyrhynchos,American Crow,Aves,8021
366236727,377272cf-1057-49f3-bfdf-f1715ce697ca,research,false,,"Ravenna, Seattle, WA, USA",47.6697,-122.3021555556,5,,,,5,,open,false,,,,King,American Crow,Corvus brachyrhynchos,American Crow,Aves,8021
366259273,c51ed0ec-e4e5-48c8-af7c-229c4446ed07,research,false,843,"NE Windermere Rd, Seattle, WA, US",47.6740083333,-122.2517616667,3,,,,3,,open,false,,,,King,American Crow,Corvus brachyrhynchos,American Crow,Aves,8021
366428715,1df88ea0-0796-45bf-b051-61b9d38ca07a,research,false,999,"Azalea Way E, Seattle, WA, US",47.6316333333,-122.296425,,,,,,,open,false,,,,King,American Crow,Corvus brachyrhynchos,American Crow,Aves,8021
366428745,9d039ecc-7788-4202-b8c3-15261a6cf5f7,research,false,999,"King County, US-WA, US",47.6316333333,-122.296425,,,,,,,open,false,,,,King,American Crow,Corvus brachyrhynchos,American Crow,Aves,8021
366428793,44d1de05-ee8e-4e80-b094-98f945fea861,research,false,999,"King County, US-WA, US",47.6316333333,-122.296425,,,,,,,open,false,,,,King,American Crow,Corvus brachyrhynchos,American Crow,Aves,8021
366428861,70328b46-a6ac-46a1-860f-6af307617cba,research,false,999,"E Lynn St, Seattle, WA, US",47.639595,-122.298775,,,,,,,open,false,,,,King,American Crow,Corvus brachyrhynchos,American Crow,Aves,8021
366428930,a31b66a6-a2ba-4208-8f06-2efe55947353,research,false,999,"King County, US-WA, US",47.6339966667,-122.2964866667,,,,,,,open,false,,,,King,American Crow,Corvus brachyrhynchos,American Crow,Aves,8021
366429047,7a0ab0c3-4f40-4951-b617-4c7721b12bd7,research,false,999,"Azalea Way E, Seattle, WA, US",47.63343,-122.2961716667,,,,,,,open,false,,,,King,American Crow,Corvus brachyrhynchos,American Crow,Aves,8021
366429115,cce09112-d902-40de-a6da-ca18fda759d3,research,false,999,"King County, US-WA, US",47.63343,-122.2961716667,,,,,,,open,false,,,,King,American Crow,Corvus brachyrhynchos,American Crow,Aves,8021
366429236,ede44b0f-2d24-4f0e-ab6b-9d2241757c51,research,false,999,"King County, US-WA, US",47.63343,-122.2961716667,,,,,,,open,false,,,,King,American Crow,Corvus brachyrhynchos,American Crow,Aves,8021
366464994,cc8118ce-25c4-4512-acb4-d27ae1861631,research,false,3,"Center for Urban Horticulture, Seattle, WA, US",47.657455,-122.291695,3,,,,3,,open,false,,,,King,American Crow,Corvus brachyrhynchos,American Crow,Aves,8021
366543435,529eb1e5-d483-4b5b-a135-dd046ef8697a,research,false,3,"Warren G. Magnuson Park, Seattle, WA, US",47.6804716667,-122.2551216667,,,,,,,open,false,,,,King,American Crow,Corvus brachyrhynchos,American Crow,Aves,8021
366548871,382ac960-644c-4b71-86e6-145b156481ec,research,false,999,"29th Ave E, Seattle, WA, US",47.6251133333,-122.2948966667,,,,,,,open,false,,,,King,American Crow,Corvus brachyrhynchos,American Crow,Aves,8021
366548910,0d6ba5ab-d97d-449e-bc73-5794dce11975,research,false,999,"King County, US-WA, US",47.6251133333,-122.2948966667,,,,,,,open,false,,,,King,American Crow,Corvus brachyrhynchos,American Crow,Aves,8021
366667254,cd51ea67-1bf6-4b29-9c34-20b6d31a4a23,research,false,999,"Lake Washington Blvd E, Seattle, WA, US",47.626645,-122.293345,,,,,,,open,false,,,,King,American Crow,Corvus brachyrhynchos,American Crow,Aves,8021
366667523,c228ab6f-3624-4612-a954-74daaa125933,research,false,999,"Seattle, WA, US",47.6254533333,-122.294525,,,,,,,open,false,,,,King,American Crow,Corvus brachyrhynchos,American Crow,Aves,8021
366667560,89dd0ba9-0833-4b34-bd1c-c26c4cea2887,research,false,999,"King County, US-WA, US",47.62537,-122.2944633333,,,,,,,open,false,,,,King,American Crow,Corvus brachyrhynchos,American Crow,Aves,8021
366884235,6cee6dbc-bcb1-49fd-8bca-42742cf9963d,research,false,,"Lawton Park, Seattle, WA 98199, USA",47.6641387939,-122.411857605,,,,,,,open,false,,,,King,American Crow,Corvus brachyrhynchos,American Crow,Aves,8021
367000041,d6b18934-4868-43ad-b208-c98dd0a31bd1,research,false,3,"Beach Dr SW, Seattle, WA, US",47.5718,-122.414445,5,,,,5,,open,false,,,,King,American Crow,Corvus brachyrhynchos,American Crow,Aves,8021
367064453,1a79fe10-9df3-47df-81bb-ebded7a53492,research,false,3,"N 68th St, Seattle, WA, US",47.6787833333,-122.3508533333,9,,,,9,,open,false,,,,King,American Crow,Corvus brachyrhynchos,American Crow,Aves,8021
367089439,8dbfb56a-0017-431b-96fa-30c98be98377,research,false,843,"Seattle, WA, US",47.6678212951,-122.353334471,195,,,,195,,open,false,,,,King,American Crow,Corvus brachyrhynchos,American Crow,Aves,8021
367098326,ee6f327d-c008-473d-b88b-e30e403bb9d0,research,false,843,"W McGraw St, Seattle, WA, US",47.6394583333,-122.3985583333,2,,,,2,,open,false,,,,King,American Crow,Corvus brachyrhynchos,American Crow,Aves,8021
367232352,11154661-9723-49b0-9f67-f7163ef2136b,research,false,,"King County, US-WA, US",47.450807827,-122.323428266,8000,,,,26839,obscured,open,true,,,,King,American Crow,Corvus brachyrhynchos,American Crow,Aves,8021
367261569,fddac7b3-15d6-40f1-a0f4-375a22cd69bf,research,false,843,"Forest Ave S, Seattle, WA, US",47.5069760805,-122.2376653714,34,,,,34,,open,false,,,,King,American Crow,Corvus brachyrhynchos,American Crow,Aves,8021
367265529,692c4c15-a223-49b7-813b-bad8340ccc06,research,false,843,"Oakwood Ave S, Seattle, WA, US",47.5032930469,-122.2326033763,26,,,,26,,open,false,,,,King,American Crow,Corvus brachyrhynchos,American Crow,Aves,8021
367271417,79381a4f-52ee-473a-a001-fca0e8d8c30f,research,false,3,"Kerry Park, Seattle, WA, US",47.628955,-122.3602216667,18,,,,18,,open,false,,,,King,American Crow,Corvus brachyrhynchos,American Crow,Aves,8021
367439615,882badaa-0e69-4527-9b3c-71a3ad557ffd,research,false,3,"Eighth Ave W, Seattle, WA, US",47.6302716667,-122.3682716667,4,,,,4,,open,false,,,,King,American Crow,Corvus brachyrhynchos,American Crow,Aves,8021
367502354,94d90864-4756-49c6-b485-b9f550330278,research,false,843,"NE Boat St, Seattle, WA, US",47.6527466667,-122.316605,5,,,,5,,open,false,,,,King,American Crow,Corvus brachyrhynchos,American Crow,Aves,8021
367565877,750757dd-2325-408d-96cd-0421b5ebdb9c,research,false,3,"Lake Union, Seattle, WA, US",47.627955,-122.3377533333,23,,,,23,,open,false,,,,King,American Crow,Corvus brachyrhynchos,American Crow,Aves,8021
367580979,abb3388a-d79b-45ba-8b6b-49629b91de35,research,false,843,"S 112th St, Seattle, WA, US",47.502907572,-122.2314808938,10,,,,10,,open,false,,,,King,American Crow,Corvus brachyrhynchos,American Crow,Aves,8021
367598828,3d8f5fcf-abdc-4200-bc3c-3a316ee6b6e9,research,false,,"University of Washington, Seattle, WA, USA",47.6603194444,-122.3067555556,5,,,,5,,open,false,,,,King,American Crow,Corvus brachyrhynchos,American Crow,Aves,8021
367630215,6d05d45f-6a2f-48c9-ac6d-96cd0b1008f9,research,false,2,"College Way N & N 103rd St, Seattle, WA 98133, USA",47.7017788796,-122.3317628726,55,,,,55,,open,false,gps,gps,,King,American Crow,Corvus brachyrhynchos,American Crow,Aves,8021
367654329,67f3884c-7587-4e33-8761-343744a903c0,research,false,,"University of Washington, Seattle, WA, USA",47.6570266667,-122.297005,,,,,,,open,false,,,,King,American Crow,Corvus brachyrhynchos,American Crow,Aves,8021
367663644,680264ea-c2d6-4c92-ab1f-91934396ab4c,research,false,,"Seattle, WA, USA",47.7101892404,-122.3800584817,15,,,,15,,open,false,,,,King,American Crow,Corvus brachyrhynchos,American Crow,Aves,8021
367815949,fb349acb-f02c-4f37-83ba-4d79c976ace6,research,false,2,"North Beach/Blue Ridge, Seattle, WA, USA",47.6980460276,-122.3802397773,12,,,,12,,open,false,gps,gps,,King,American Crow,Corvus brachyrhynchos,American Crow,Aves,8021
367904070,e2cf935c-2a05-4a76-a96e-367e28d7289f,research,false,843,"Lake Washington Blvd S, Seattle, WA, US",47.5543015692,-122.2601086542,23,,,,23,,open,false,,,,King,American Crow,Corvus brachyrhynchos,American Crow,Aves,8021
367936988,f99e0d92-a94f-4afb-b872-cadcdc634162,research,false,2,"Grandview Pl E & E Garfield St, Seattle, WA 98112, USA",47.6354744,-122.3088189,100,,,,100,,open,false,,,,King,American Crow,Corvus brachyrhynchos,American Crow,Aves,8021
367939065,ce899d56-a8dc-47fe-b536-a89012184824,research,false,843,"2nd Ave N, Seattle, WA, US",47.6255033333,-122.3527533333,25,,,,25,,open,false,,,,King,American Crow,Corvus brachyrhynchos,American Crow,Aves,8021
368137981,e87d9e4d-e234-4e7b-b1df-fc4305b26978,research,false,2,"North Beach/Blue Ridge, Seattle, WA, USA",47.6964472481,-122.3806136101,18,,,,18,,open,false,gps,gps,,King,American Crow,Corvus brachyrhynchos,American Crow,Aves,8021
368138756,ef189d04-c32c-4b7b-9872-1dfd0a33291b,research,false,,"University of Washington, Seattle, WA, USA",47.6558527778,-122.3126305556,8,,,,8,,open,false,,,,King,American Crow,Corvus brachyrhynchos,American Crow,Aves,8021
368221391,2758f96f-3892-41c5-89d8-8a2b4b49daa1,research,false,843,"Coulon Park Trail, Renton, WA, US",47.5083597989,-122.202250518,3,,,,3,,open,false,,,Renton City Limits,King,American Crow,Corvus brachyrhynchos,American Crow,Aves,8021
368221424,6dcc64ee-972c-406a-922a-a4441e40d2d8,research,false,843,"Coulon Park Trail, Renton, WA, US",47.506406785,-122.2019414096,3,,,,3,,open,false,,,Renton City Limits,King,American Crow,Corvus brachyrhynchos,American Crow,Aves,8021
368221529,afdaa99c-e7ca-47a8-97d7-59d09eacf828,research,false,843,"Coulon Park Trail, Renton, WA, US",47.50892,-122.2026366667,3,,,,3,,open,false,,,Renton City Limits,King,American Crow,Corvus brachyrhynchos,American Crow,Aves,8021
368226119,eb92e6d1-4fdb-43ac-a15f-3dd29a83285f,research,false,3,"Seward Park, Seattle, WA, US",47.5596815796,-122.2552485297,11,,,,11,,open,false,,,,King,American Crow,Corvus brachyrhynchos,American Crow,Aves,8021
368378655,ac76ad2d-8ede-41be-ab12-1190bd0376c5,research,false,843,"NW 60th St, Seattle, WA, US",47.67217,-122.3896716667,13,,,,13,,open,false,,,,King,American Crow,Corvus brachyrhynchos,American Crow,Aves,8021
368401104,7f4de858-8d35-49eb-afc4-da48e9251bf9,research,false,,"Seattle, WA, USA",47.5721225928,-122.4137550576,29,,,,29,,open,false,,,,King,American Crow,Corvus brachyrhynchos,American Crow,Aves,8021
368443892,236a82ee-0b7f-4890-93f7-76cf66440a67,research,false,999,"24th Ave E, Seattle, WA, US",47.6396383333,-122.30223,,,,,,,open,false,,,,King,American Crow,Corvus brachyrhynchos,American Crow,Aves,8021
368443942,5f2b3eef-f613-448b-90b9-7806c56a4f4d,research,false,999,"King County, US-WA, US",47.6396383333,-122.30223,,,,,,,open,false,,,,King,American Crow,Corvus brachyrhynchos,American Crow,Aves,8021
368532163,e7e19c05-96f6-426f-9b67-c7688d51e433,research,false,843,"16th Ave NE, Seattle, WA, US",47.6717866667,-122.31105,4,,,,4,,open,false,,,,King,American Crow,Corvus brachyrhynchos,American Crow,Aves,8021
368562987,cfe1590d-3103-4fff-a946-45e7617d76eb,research,false,843,"Seattle, WA, US",47.6734283333,-122.3109583333,15,,,,15,,open,false,,,,King,American Crow,Corvus brachyrhynchos,American Crow,Aves,8021
368566604,19298af8-e061-4608-9040-2098e58a22de,research,false,,"University District, Seattle, WA, USA",47.6559580811,-122.2916149924,413,,,,413,,open,false,,,,King,American Crow,Corvus brachyrhynchos,American Crow,Aves,8021
368663518,5d2566a0-0d31-4787-8a3b-bfe93825ae08,research,false,999,"King County, US-WA, US",47.6574383333,-122.2915716667,,,,,,,open,false,,,,King,American Crow,Corvus brachyrhynchos,American Crow,Aves,8021
368663547,22c0a950-4055-4ba3-a9c9-7466710931fd,research,false,999,"King County, US-WA, US",47.6571466667,-122.291,,,,,,,open,false,,,,King,American Crow,Corvus brachyrhynchos,American Crow,Aves,8021
368711751,e7d5c5c2-879e-476e-a162-c2fb0de3dfa4,research,false,843,"Canal Rd NE, Seattle, WA, US",47.6552410934,-122.2971803925,3,,,,3,,open,false,,,,King,American Crow,Corvus brachyrhynchos,American Crow,Aves,8021
368745127,29f3535d-b0e1-46b0-8a4d-75aa1e8bc26b,research,false,999,"Lake Washington Blvd E, Seattle, WA, US",47.6259916667,-122.29397,,,,,,,open,false,,,,King,American Crow,Corvus brachyrhynchos,American Crow,Aves,8021
368745289,f9b808b8-dd7b-4f60-b022-869a7d217e3e,research,false,3,"Seattle Central College, Seattle, WA, US",47.617015428,-122.3207489268,1068,,,,1068,,open,false,,,,King,American Crow,Corvus brachyrhynchos,American Crow,Aves,8021
368745726,8980b508-6586-41b8-a0ec-c68b2d1b57a4,research,false,999,"King County, US-WA, US",47.6259916667,-122.29397,,,,,,,open,false,,,,King,American Crow,Corvus brachyrhynchos,American Crow,Aves,8021
368751605,d9607922-0042-4b25-9576-4901d8ad436e,research,false,843,"E Stevens Way NE, Seattle, WA, US",47.654431304,-122.3053658289,14,,,,14,,open,false,,,,King,American Crow,Corvus brachyrhynchos,American Crow,Aves,8021
368753004,77a225e4-66b3-421e-8cf1-5d6c9b1dc05b,research,false,2,"30th Ave W & W Mansell St, Seattle, WA 98199, USA",47.658587329,-122.3939109966,12,,,,12,,open,false,gps,gps,,King,American Crow,Corvus brachyrhynchos,American Crow,Aves,8021
368787435,1854815f-3d91-4537-93bd-fa3be411e456,research,false,999,"King County, US-WA, US",47.6397666667,-122.30217,,,,,,,open,false,,,,King,American Crow,Corvus brachyrhynchos,American Crow,Aves,8021
368789711,b8bb0ba1-f649-43ac-a7e1-386489c4f142,research,false,2,"14th Ave NW & NW 103rd St (NB), Seattle, WA 98177, USA",47.7034081813,-122.3726497963,4,,,,4,,open,false,,,,King,American Crow,Corvus brachyrhynchos,American Crow,Aves,8021
369029411,6d651a66-355a-404d-9d49-8c7b522aa2eb,research,false,999,"King County, US-WA, US",47.6551366667,-122.2906283333,,,,,,,open,false,,,,King,American Crow,Corvus brachyrhynchos,American Crow,Aves,8021
369093547,6633c4be-9764-4dfd-9c8a-57646ff4d444,research,false,2,"Gilman Ave W & W Jameson St, Seattle, WA 98199, USA",47.658632268,-122.3928082734,41,,,,41,,open,false,gps,gps,,King,American Crow,Corvus brachyrhynchos,American Crow,Aves,8021
369370981,98966299-e93a-4d5d-9566-5249f68702a5,research,false,2,"Holman Rd NW & 9th Ave NW, Seattle, WA 98117, USA",47.6991923347,-122.3706230521,9,,,,9,,open,false,gps,gps,,King,American Crow,Corvus brachyrhynchos,American Crow,Aves,8021
369379684,cb84a0ff-c182-4b40-933c-fa6652a8c24b,research,false,2,"North Beach/Blue Ridge, Seattle, WA, USA",47.7066230879,-122.3707752675,41,,,,41,,open,false,gps,gps,,King,American Crow,Corvus brachyrhynchos,American Crow,Aves,8021
369384215,49e6785d-ee83-4d71-9930-9671f5396147,research,false,2,"North Beach/Blue Ridge, Seattle, WA, USA",47.7013296337,-122.3779548705,29,,,,29,,open,false,gps,gps,,King,American Crow,Corvus brachyrhynchos,American Crow,Aves,8021
369487925,11b80739-32d7-4dae-96c6-0d906b232157,research,false,999,"King County, US-WA, US",47.711975,-122.3779616667,,,,,,,open,false,,,,King,American Crow,Corvus brachyrhynchos,American Crow,Aves,8021
369488022,8b6f7064-8b72-4dd2-a00e-8773554c2a85,research,false,999,"King County, US-WA, US",47.711975,-122.3779616667,,,,,,,open,false,,,,King,American Crow,Corvus brachyrhynchos,American Crow,Aves,8021
369488024,48d78965-f9b8-41d5-b9d2-b98d0d4b17d1,research,false,999,"King County, US-WA, US",47.711975,-122.3779616667,,,,,,,open,false,,,,King,American Crow,Corvus brachyrhynchos,American Crow,Aves,8021
369517730,47be9806-fed7-47c6-962f-d64a0a4f8acb,research,false,2,Kirkland,47.6768661786,-122.2059833631,8272,,,,8272,,open,false,gps,gps,,King,American Crow,Corvus brachyrhynchos,American Crow,Aves,8021
369531001,6f782279-cae0-4047-a673-8b664364f057,research,false,333,Seattle,47.6200256348,-122.3517150879,8,,,,8,,open,false,,,,King,American Crow,Corvus brachyrhynchos,American Crow,Aves,8021
369561203,f981faf6-0f4f-4c15-b92a-15de6e9e236d,research,false,843,"Ravenna Ave NE, Seattle, WA, US",47.6720919994,-122.3056890765,65,,,,65,,open,false,,,,King,American Crow,Corvus brachyrhynchos,American Crow,Aves,8021
369574048,1ab16d8b-fa12-40e0-bd82-245c8c3e665d,research,false,2,"Lake Hills, Bellevue, WA, USA",47.6034194444,-122.1421277778,,,,,,,open,false,gps,gps,Bellevue City Limits,King,American Crow,Corvus brachyrhynchos,American Crow,Aves,8021
369594886,765e65ba-0364-42f9-9db1-c560e24e1373,research,false,3,"Marymoor Park, Redmond, WA, US",47.6599416667,-122.1100166667,4,,,,4,,open,false,,,,King,American Crow,Corvus brachyrhynchos,American Crow,Aves,8021
369796531,2f0eabf0-f500-4f2c-9ea8-274b840f75f8,research,false,2,"Downtown, Redmond, WA 98052, USA",47.6685694444,-122.1139472222,,,,,,,open,false,gps,gps,Redmond City Limits,King,American Crow,Corvus brachyrhynchos,American Crow,Aves,8021
369825627,2a514570-7cda-4849-bd85-09d1f08b0bad,research,false,843,"42nd Ave SW, Seattle, WA, US",47.5554193319,-122.3860543046,13,,,,13,,open,false,,,,King,American Crow,Corvus brachyrhynchos,American Crow,Aves,8021
370046440,71001519-dbca-44d0-831b-4f3269ca3a64,research,false,999,"Seattle, WA, US",47.6255533333,-122.2946166667,,,,,,,open,false,,,,King,American Crow,Corvus brachyrhynchos,American Crow,Aves,8021
370128664,e06a6ad5-0aa3-4d30-89ed-2cde30cf8306,research,false,,"Roosevelt, Seattle, WA 98115, USA",47.6722222222,-122.3139277778,4,,,,4,,open,false,,,,King,American Crow,Corvus brachyrhynchos,American Crow,Aves,8021
370142642,64d4aa0e-fada-4d6a-989f-680a00552ca4,research,false,,"University of Washington, Seattle, WA, USA",47.6539365036,-122.3073251084,302,,,,302,,open,false,,,,King,American Crow,Corvus brachyrhynchos,American Crow,Aves,8021
370199857,cbe573b5-7422-40e2-98ae-9618753d905c,research,false,843,"9th Ave NW, Seattle, WA, US",47.66447,-122.3685783333,4,,,,4,,open,false,,,,King,American Crow,Corvus brachyrhynchos,American Crow,Aves,8021
370232928,5c419361-ec1d-4dae-917d-a2b5687076a2,research,false,999,"King County, US-WA, US",47.641295,-122.2936383333,,,,,,,open,false,,,,King,American Crow,Corvus brachyrhynchos,American Crow,Aves,8021
370244875,91564374-05fb-4522-ae57-15566c7d3a72,research,false,843,"Lakeside Ave S, Seattle, WA, US",47.600488619,-122.2853911949,6,,,,6,,open,false,,,,King,American Crow,Corvus brachyrhynchos,American Crow,Aves,8021
370376690,4874c3b8-f1ec-4740-bd59-6f679a7dd851,research,false,843,"23rd Ave, Seattle, WA, US",47.6168308359,-122.3026031179,22,,,,22,,open,false,,,,King,American Crow,Corvus brachyrhynchos,American Crow,Aves,8021
370386858,29f90f0a-06c3-49a9-805f-1e5dde04eb79,research,false,843,"Interlaken Dr E, Seattle, WA, US",47.6358805054,-122.3086039754,20,,,,20,,open,false,,,,King,American Crow,Corvus brachyrhynchos,American Crow,Aves,8021
370388956,07e6c78b-1fc0-4e1e-b0d5-a96e3ba5d7b1,research,false,843,"Waterfront Loop Trail, Seattle, WA, US",47.6542366667,-122.2924416667,3,,,,3,,open,false,,,,King,American Crow,Corvus brachyrhynchos,American Crow,Aves,8021
370406298,9dcc091b-697e-4933-86d2-4d90d360d75f,research,false,2,"15th Ave NE & NE 70th St, Seattle, WA 98115, USA",47.6786583333,-122.3130194444,,,,,,,open,false,gps,gps,,King,American Crow,Corvus brachyrhynchos,American Crow,Aves,8021
370408189,2a8d46a5-6e3b-47cc-a48a-eb222200d7a2,research,false,2,"15th Ave NE & NE 70th St, Seattle, WA 98115, USA",47.6785361111,-122.3126222222,,,,,,,open,false,gps,gps,,King,American Crow,Corvus brachyrhynchos,American Crow,Aves,8021
370447570,dca45d6a-30d9-48f4-95e9-e01e8189c0b1,research,false,,"Ravenna Park, 5520 Ravenna Ave NE, Seattle, WA 98105, USA",47.668731,-122.3037237,279,,,,279,,open,false,,,,King,American Crow,Corvus brachyrhynchos,American Crow,Aves,8021
370471496,d57514c9-10e6-4abf-841c-39591cc7efcd,research,false,,"Bothell, WA, USA",47.7557069832,-122.2135006257,27,,,,27,,open,false,,,Bothell City Limits,King,American Crow,Corvus brachyrhynchos,American Crow,Aves,8021
370481369,b8df3539-c560-496d-81f3-a51298cbb9c5,research,false,2,"Lawton Park, Seattle, WA 98199, USA",47.6655770236,-122.40112748,32,,,,32,,open,false,gps,gps,,King,American Crow,Corvus brachyrhynchos,American Crow,Aves,8021
370518657,6682566a-39bf-42d7-b4de-45825d734371,research,false,843,"Shilshole Ave NW, Seattle, WA, US",47.6657966667,-122.385475,4,,,,4,,open,false,,,,King,American Crow,Corvus brachyrhynchos,American Crow,Aves,8021
370518683,2a47d74c-2d3b-436f-bab1-ad073f1a3c65,research,false,843,"Shilshole Ave NW, Seattle, WA, US",47.6661716667,-122.3856416667,4,,,,4,,open,false,,,,King,American Crow,Corvus brachyrhynchos,American Crow,Aves,8021
370518716,219e04fc-5bd6-4c64-b1d5-1e7e1bd3cb54,research,false,843,"NW Market St, Seattle, WA, US",47.6686633333,-122.3852916667,10,,,,10,,open,false,,,,King,American Crow,Corvus brachyrhynchos,American Crow,Aves,8021
370520490,6fe85262-2699-4bc6-8be2-4a7cc88da96d,research,false,843,"SE 193rd Terr, Kent, WA, US",47.429895,-122.1872033333,2,,,,2,,open,false,,,Kent City Limits,King,American Crow,Corvus brachyrhynchos,American Crow,Aves,8021
370525166,62150f1c-f08d-4833-badf-707571bcd699,research,false,,"Union Bay Natural Area, 3501 NE 41st St, Seattle, WA 98105, USA (Google, OSM)",47.65567,-122.292987,4,,,,4,,open,false,,"",,King,American Crow,Corvus brachyrhynchos,American Crow,Aves,8021
370528681,3ce69edc-f61b-479f-ac1a-72eb1de85e4e,research,false,843,"Ravenna Ave NE, Seattle, WA, US",47.6698416667,-122.301125,86,,,,86,,open,false,,,,King,American Crow,Corvus brachyrhynchos,American Crow,Aves,8021
370535295,be960ed9-d20e-4a8e-a230-e332d6f8b156,research,false,2,"Fauntleroy Way SW & SW Rose St, Seattle, WA 98136, USA",47.5305708893,-122.3959920555,266,,,,266,,open,false,gps,gps,,King,American Crow,Corvus brachyrhynchos,American Crow,Aves,8021
370552345,f052a423-48e2-4d52-b0c9-d5434a688722,research,false,843,"Ravenna Ave NE, Seattle, WA, US",47.6696916667,-122.3018283333,4,,,,4,,open,false,,,,King,American Crow,Corvus brachyrhynchos,American Crow,Aves,8021
370663603,e5f32b12-279d-4bbe-a49c-41d7fc5caaec,research,false,2,"Avondale Way NE & 170th Pl NE, Redmond, WA 98052, USA",47.6700972222,-122.1111083333,,,,,,,open,false,gps,gps,Redmond City Limits,King,American Crow,Corvus brachyrhynchos,American Crow,Aves,8021
370726570,1a4321a3-2083-42f9-a592-38468aa13a6b,research,false,999,"King County, US-WA, US",47.628105,-122.2935783333,,,,,,,open,false,,,,King,American Crow,Corvus brachyrhynchos,American Crow,Aves,8021
370727033,2ec2791a-33d2-4951-9b4c-f724b0dddfa6,research,false,999,"King County, US-WA, US",47.6293416667,-122.2956166667,,,,,,,open,false,,,,King,American Crow,Corvus brachyrhynchos,American Crow,Aves,8021
370727216,1c8c75ad-4775-4774-8285-727e347b2eb9,research,false,999,"King County, US-WA, US",47.6293416667,-122.2956166667,,,,,,,open,false,,,,King,American Crow,Corvus brachyrhynchos,American Crow,Aves,8021
370741991,a7797220-d2ea-403b-af62-bf7f19cfc5ae,research,false,2,"Avondale Way NE & 170th Pl NE, Redmond, WA 98052, USA",47.6700805556,-122.11115,,,,,,,open,false,gps,gps,Redmond City Limits,King,American Crow,Corvus brachyrhynchos,American Crow,Aves,8021
370767146,f467d938-f29b-46b9-b3ae-f5b1fbb9f890,research,false,2,"Holman Rd NW & 9th Ave NW, Seattle, WA 98117, USA",47.6992092583,-122.3712134734,8,,,,8,,open,false,gps,gps,,King,American Crow,Corvus brachyrhynchos,American Crow,Aves,8021
370797433,fe9c8943-22cc-456a-99aa-1408c1fe3ef9,research,false,999,"King County, US-WA, US",47.6251216667,-122.2952366667,,,,,,,open,false,,,,King,American Crow,Corvus brachyrhynchos,American Crow,Aves,8021
370846854,8ff60a5e-a402-47d6-be06-6b20e98ade65,research,false,843,"NE Windermere Rd, Seattle, WA, US",47.679443194,-122.255844956,3,,,,3,,open,false,,,,King,American Crow,Corvus brachyrhynchos,American Crow,Aves,8021
371051820,51dbcd82-44ca-4e24-884e-088f13fedc00,research,false,2,"University Way NE & NE 41st St, Seattle, WA 98105, USA",47.65795,-122.3132944444,,,,,,,open,false,gps,gps,,King,American Crow,Corvus brachyrhynchos,American Crow,Aves,8021
371219186,c4e2f346-a08c-4f2e-a270-57db54bdfcf9,research,false,3,"N 68th St, Seattle, WA, US",47.6788583333,-122.350975,7,,,,7,,open,false,,,,King,American Crow,Corvus brachyrhynchos,American Crow,Aves,8021
371237940,2d5b7486-3865-41da-b43f-64bd64c375ae,research,false,999,"King County, US-WA, US",47.6448633333,-122.3362283333,,,,,,,open,false,,,,King,American Crow,Corvus brachyrhynchos,American Crow,Aves,8021
371238093,d2d11602-9778-454e-ab50-51957c392760,research,false,999,"King County, US-WA, US",47.65498,-122.3113166667,,,,,,,open,false,,,,King,American Crow,Corvus brachyrhynchos,American Crow,Aves,8021
371238199,e9736de9-95ff-48d9-915d-1c11cc49a4d8,research,false,999,"NE Boat St, Seattle, WA, US",47.6521833333,-122.3164133333,,,,,,,open,false,,,,King,American Crow,Corvus brachyrhynchos,American Crow,Aves,8021
371299347,90ee6341-19b2-4e96-9e6b-aad44dceb0a0,research,false,2,"NE 45th St & University Village, Seattle, WA 98105, USA",47.6613789,-122.2941267,200,,,,200,,open,false,,,,King,American Crow,Corvus brachyrhynchos,American Crow,Aves,8021
371336470,a5e4c7df-bede-4468-8b4f-db52db218144,research,false,2,"Alki, Seattle, WA 98116, USA",47.5718027778,-122.4127777778,,,,,,,open,false,gps,gps,,King,American Crow,Corvus brachyrhynchos,American Crow,Aves,8021
371454139,fcc58e23-78eb-494e-9470-74b6ac8559c3,research,false,,"University of Washington, Seattle, WA, USA",47.657715,-122.2968283333,,,,,,,open,false,,,,King,American Crow,Corvus brachyrhynchos,American Crow,Aves,8021
371646388,79b1ecd3-1f3a-4ea2-bf5a-1c4b085ae180,research,false,2,"Harbor Island, Seattle, WA 98134, USA",47.5698166667,-122.346675,,,,,,,open,false,,,,King,American Crow,Corvus brachyrhynchos,American Crow,Aves,8021
371660728,f58479ce-f475-4fd1-b9f7-8a481e2b7f67,research,false,843,"S 116th St, Seattle, WA, US",47.4990783333,-122.2299283333,3,,,,3,,open,false,,,,King,American Crow,Corvus brachyrhynchos,American Crow,Aves,8021
371711639,f4bd3bfd-9468-4b04-a209-d16f8db16de7,research,false,3,"University of Washington, Seattle, WA, US",47.6539033333,-122.3138966667,14,,,,14,,open,false,,,,King,American Crow,Corvus brachyrhynchos,American Crow,Aves,8021
371761750,ab01c44c-d659-40c2-8944-66b1b8ca0ff5,research,false,2,"26th Ave SW & SW 104th St, White Center, WA 98146, USA",47.5115916667,-122.3635694444,,,,,,,open,false,gps,gps,,King,American Crow,Corvus brachyrhynchos,American Crow,Aves,8021
371771755,7e0c6823-efb9-4caf-956c-5a87881b02a9,research,false,2,Carkeek Park Beach,47.7117838067,-122.3800070956,919,,,,919,,open,false,gps,gps,,King,American Crow,Corvus brachyrhynchos,American Crow,Aves,8021
371954825,9c48fc67-ce8d-4c9e-8c38-9bfe9cf9d246,research,false,843,"Kirkland, WA, US",47.7235216667,-122.1969833333,10,,,,10,,open,false,,,,King,American Crow,Corvus brachyrhynchos,American Crow,Aves,8021
372057332,a8626cd4-1c9a-4c4d-938a-a4f7353db67d,research,false,843,"Seattle, WA, US",47.54013,-122.3985883333,11,,,,11,,open,false,,,,King,American Crow,Corvus brachyrhynchos,American Crow,Aves,8021
372072062,b1ee8d1c-c8f5-4d8f-bab8-d16b06d6fabb,research,false,,"Southeast Redmond, Redmond, WA 98052, USA",47.6589012146,-122.1109313965,,,,,,,open,false,,,,King,American Crow,Corvus brachyrhynchos,American Crow,Aves,8021
372104834,b77ab864-88e4-4da9-9c87-fef215da6a0d,research,false,,"Ballard, Seattle, WA, USA",47.6930738889,-122.4058908333,,,,,,,open,false,,,,King,American Crow,Corvus brachyrhynchos,American Crow,Aves,8021
372175445,01796247-871b-4c1a-8e91-09e81c80ab61,needs_id,false,2,"156th Ave NE & NE 28th St, Redmond, WA 98052, USA",47.6352994,-122.1291149997,,,,,,,open,false,,,Bellevue City Limits,King,Crows and Ravens,Corvus brachyrhynchos,American Crow,Aves,8021
372304680,9d13b89e-2768-4bc2-b56f-9b43021569e2,research,false,999,"Lake Washington Blvd E, Seattle, WA, US",47.62748,-122.294075,,,,,,,open,false,,,,King,American Crow,Corvus brachyrhynchos,American Crow,Aves,8021
372304681,0b63a0c0-e15e-4c29-8b3b-ef52376acec5,research,false,999,"King County, US-WA, US",47.6302616667,-122.2965216667,,,,,,,open,false,,,,King,American Crow,Corvus brachyrhynchos,American Crow,Aves,8021
372304895,c1acfc0f-7866-492c-965d-cada5fd14adf,research,false,999,"King County, US-WA, US",47.62748,-122.294075,,,,,,,open,false,,,,King,American Crow,Corvus brachyrhynchos,American Crow,Aves,8021
372438338,cf9f1203-e740-4b9f-ac69-13478035bd91,research,false,3,"Beach Dr SW, Seattle, WA, US",47.5704833333,-122.4124833333,13,,,,13,,open,false,,,,King,American Crow,Corvus brachyrhynchos,American Crow,Aves,8021
372483023,c1381117-3622-489f-b308-8a21c276377e,research,false,,"Capitol Hill, Seattle, WA, USA",47.633744909,-122.3158689322,1,,,,1,,open,false,,,,King,American Crow,Corvus brachyrhynchos,American Crow,Aves,8021
372518455,d552a21d-b4f6-404c-b993-985ba4e6b537,research,false,2,"Seattle, WA 98116, USA",47.57145,-122.4148527778,,,,,,,open,false,gps,gps,,King,American Crow,Corvus brachyrhynchos,American Crow,Aves,8021
372625539,5f4ad6a2-527a-4880-bee7-12f994106ce0,research,false,999,"King County, US-WA, US",47.6398383333,-122.298905,,,,,,,open,false,,,,King,American Crow,Corvus brachyrhynchos,American Crow,Aves,8021
372682780,3a52a5d7-9d75-46f6-ace2-309e58418045,research,false,843,"Beach Dr SW, Seattle, WA, US",47.5713416667,-122.4128883333,3,,,,3,,open,false,,,,King,American Crow,Corvus brachyrhynchos,American Crow,Aves,8021
372795377,54503b9e-b07f-47f2-903f-8ffbbef84b87,research,false,2,"Shoreline, WA 98177, USA",47.7083659452,-122.3828639835,167,,,,167,,open,false,gps,gps,,King,American Crow,Corvus brachyrhynchos,American Crow,Aves,8021
372796856,b2719041-5b73-4e6f-9351-4c300bd0d7e0,research,false,2,"Shoreline, WA 98177, USA",47.7072248033,-122.3848736286,248,,,,248,,open,false,,,,King,American Crow,Corvus brachyrhynchos,American Crow,Aves,8021
372806555,f2e86718-5537-402d-8957-e026ffb1b976,research,false,2,"Shoreline, WA 98177, USA",47.7088652151,-122.3829866946,293,,,,293,,open,false,gps,gps,,King,American Crow,Corvus brachyrhynchos,American Crow,Aves,8021
372808379,b5a69f65-1016-4d1c-b09f-923e068008c0,research,false,2,"Shoreline, WA 98177, USA",47.709245361,-122.3820385337,570,,,,570,,open,false,gps,gps,,King,American Crow,Corvus brachyrhynchos,American Crow,Aves,8021
372936683,83c7d384-0a21-40a2-b827-7c5956c09007,research,false,999,"Seattle, WA, US",47.6256833333,-122.2944716667,,,,,,,open,false,,,,King,American Crow,Corvus brachyrhynchos,American Crow,Aves,8021
372936696,42654eed-3562-4e4c-b3a3-132e84d2d663,research,false,999,"King County, US-WA, US",47.6256866667,-122.2944416667,,,,,,,open,false,,,,King,American Crow,Corvus brachyrhynchos,American Crow,Aves,8021
372973094,09b0833a-7d6e-4658-80d3-439b2b45d78d,research,false,2,"King County, US-WA, US",47.4781838966,-122.3631061614,83,,,,83,,open,false,gps,gps,Burien City Limits,King,American Crow,Corvus brachyrhynchos,American Crow,Aves,8021
373062387,e3fbf014-fe3e-4b85-b8c8-99955c6b600e,research,false,843,"Seattle, WA, US",47.5262916667,-122.3962866667,5,,,,5,,open,false,,,,King,American Crow,Corvus brachyrhynchos,American Crow,Aves,8021
373097100,32450b62-737b-49d3-97c9-72a72fc9374a,research,false,2,"International Blvd & S 195th St, SeaTac, WA 98188, USA",47.4299361111,-122.2930166667,,,,,,,open,false,,,Seatac City Limits,King,American Crow,Corvus brachyrhynchos,American Crow,Aves,8021
373219442,01f3a54b-a7d0-45e4-b8a6-87228540cf4b,research,false,2,"King County, US-WA, US",47.6616873517,-122.3451816291,3,,,,3,,open,false,gps,gps,,King,American Crow,Corvus brachyrhynchos,American Crow,Aves,8021
373322505,b0196124-cb2b-42e3-b60e-4445b44e1852,research,false,,"219 Kirkland Ave #102, Kirkland, WA 98033, USA",47.6751543,-122.2037367,198,,,,198,,open,false,,,,King,American Crow,Corvus brachyrhynchos,American Crow,Aves,8021
373323029,fd370c39-f5c2-4f99-a963-9913797edf89,needs_id,false,3,"Pioneer Park, Mercer Island, WA, US",47.5408583637,-122.2186718184,8,,,,8,,open,false,,,,King,Crows and Ravens,Corvus brachyrhynchos,American Crow,Aves,8021
373376881,6b719370-2101-469d-a6e0-5d6d03b3b17a,research,false,3,"N 40th St, Seattle, WA, US",47.6556333333,-122.333275,4,,,,4,,open,false,,,,King,American Crow,Corvus brachyrhynchos,American Crow,Aves,8021
373434630,a10c7c03-d442-4a1a-812b-e3a493fd36fb,research,false,843,"NW Carkeek Park Rd, Seattle, WA, US",47.712995,-122.3796866667,6,,,,6,,open,false,,,,King,American Crow,Corvus brachyrhynchos,American Crow,Aves,8021
373449119,4e7d79d6-ffae-40b3-ab20-610d6b171c0c,research,false,,"Fauntleroy, Seattle, WA, USA",47.5292927458,-122.4003753376,151,,,,151,,open,false,,,,King,American Crow,Corvus brachyrhynchos,American Crow,Aves,8021
373472335,11cb3976-0c3b-46b3-9672-38f4547c327e,research,false,,"King County, US-WA, US",47.5345034871,-122.2362479033,431,,,,26839,obscured,open,true,,,,King,American Crow,Corvus brachyrhynchos,American Crow,Aves,8021
373472336,04d2610e-b496-4920-a3ff-59bf2b4480a4,research,false,,"King County, US-WA, US",47.4346297205,-122.2351777423,431,,,,26839,obscured,open,true,,,,King,American Crow,Corvus brachyrhynchos,American Crow,Aves,8021
373476964,281a387b-7d20-43fd-a07a-7cfcbd7f4313,research,false,,"Fauntleroy, Seattle, WA, USA",47.5296024401,-122.4007108349,516,,,,516,,open,false,,,,King,American Crow,Corvus brachyrhynchos,American Crow,Aves,8021
373476986,a42b4cf2-3c5b-47b3-a69e-88d68c8f3c2c,research,false,,"Fauntleroy, Seattle, WA, USA",47.5296024401,-122.4007108349,516,,,,516,,open,false,,,,King,American Crow,Corvus brachyrhynchos,American Crow,Aves,8021
373588435,9b35472e-717e-4437-9c80-a4fc931a3e7b,research,false,3,"W Dravus St, Seattle, WA, US",47.6489911785,-122.3576664666,10,,,,10,,open,false,,,,King,American Crow,Corvus brachyrhynchos,American Crow,Aves,8021
373590121,d930be9f-b9c6-4cc6-af67-e6a594948732,research,false,843,"Western Ave, Seattle, WA, US",47.608005,-122.341025,8,,,,8,,open,false,,,,King,American Crow,Corvus brachyrhynchos,American Crow,Aves,8021
373648004,41fa07eb-5744-4f2a-8948-60fc439bedf3,research,false,843,"W Commodore Way, Seattle, WA, US",47.6651583333,-122.3976216667,62,,,,62,,open,false,,,,King,American Crow,Corvus brachyrhynchos,American Crow,Aves,8021
373824134,de73ac90-45c9-47e1-9d49-40ef1802fc6b,research,false,843,"Beach Dr SW, Seattle, WA, US",47.5718783333,-122.4132,12,,,,12,,open,false,,,,King,American Crow,Corvus brachyrhynchos,American Crow,Aves,8021
373968138,a57e2c76-70ae-4d7f-9709-1ed652f3ed97,research,false,2,"North Beach/Blue Ridge, Seattle, WA, USA",47.7055247759,-122.3785100877,52,,,,52,,open,false,gps,gps,,King,American Crow,Corvus brachyrhynchos,American Crow,Aves,8021
373977101,c65af774-674a-4299-a10f-94ba9f450771,research,false,3,"University of Washington, Seattle, WA, US",47.6578966667,-122.3113416667,4,,,,4,,open,false,,,,King,American Crow,Corvus brachyrhynchos,American Crow,Aves,8021
374011735,e6508176-5a82-42d2-9a90-58d67b38f50d,research,false,843,"SE 57th St, Mercer Island, WA, US",47.5518234399,-122.2283890693,322,,,,322,,open,false,,,,King,American Crow,Corvus brachyrhynchos,American Crow,Aves,8021
374018256,45adb5c8-d562-4355-b467-98b8fdc1a067,research,false,,"Richmond Beach, Shoreline, WA 98177, USA",47.7647381851,-122.3864071276,204,,,,204,,open,false,,,,King,American Crow,Corvus brachyrhynchos,American Crow,Aves,8021
374066221,a434d78f-abc5-4d96-9b9e-c8f080f62575,research,false,3,"Seward Park, Seattle, WA, US",47.55167,-122.2547383333,4,,,,4,,open,false,,,,King,American Crow,Corvus brachyrhynchos,American Crow,Aves,8021
374075290,2f621036-381c-490d-915b-7929e9467431,research,false,2,"Seattle, WA 98119, USA",47.62870517,-122.38139507,9,,,,9,,open,false,,,,King,American Crow,Corvus brachyrhynchos,American Crow,Aves,8021
374085885,e72443c6-b880-4297-8960-e1497582734b,research,false,,"Richmond Beach, Shoreline, WA 98177, USA",47.7647981866,-122.3856847519,178,,,,178,,open,false,,,,King,American Crow,Corvus brachyrhynchos,American Crow,Aves,8021
374342198,20ce9c15-b4e8-41d0-8e9a-ee91aee365d0,research,false,2,"International Blvd & S 170th St, SeaTac, WA 98188, USA",47.4485354,-122.2958549,100,,,,100,,open,false,,,Seatac City Limits,King,American Crow,Corvus brachyrhynchos,American Crow,Aves,8021
374372660,780a57cd-e7b1-4ad0-a35d-8e9f0f95c6c2,research,false,843,"40th Ave W, Seattle, WA, US",47.6458466667,-122.4087966667,4,,,,4,,open,false,,,,King,American Crow,Corvus brachyrhynchos,American Crow,Aves,8021
374440544,37902103-22ce-4eff-b523-f1266fee202e,research,false,843,"E Stevens Way NE, Seattle, WA, US",47.6585783333,-122.30587,10,,,,10,,open,false,,,,King,American Crow,Corvus brachyrhynchos,American Crow,Aves,8021
374492134,81eb5d1f-3b24-43df-8afb-015259f762f7,research,false,,"Fauntleroy, Seattle, WA, USA",47.5360316667,-122.3950766667,,,,,,,open,false,,,,King,American Crow,Corvus brachyrhynchos,American Crow,Aves,8021
374768358,16251405-4452-4395-9819-a7e51f390332,research,false,,"Phinney Ridge, Seattle, WA, USA",47.6662899579,-122.3494239612,8,,,,8,,open,false,,,,King,American Crow,Corvus brachyrhynchos,American Crow,Aves,8021
374769215,9fe3f085-0d03-4f4b-a8ae-a9e458383c11,research,false,,"Rainier Valley, Seattle, WA, USA",47.5119995986,-122.2660055563,15,,,,15,,open,false,,,,King,American Crow,Corvus brachyrhynchos,American Crow,Aves,8021
374807766,a523b4b4-b5c3-4aa4-920e-414236257405,research,false,,"Juanita Bay Park, 2201 Market St, Kirkland, WA 98033, USA",47.6986138,-122.2110985,172,,,,172,,open,false,,,,King,American Crow,Corvus brachyrhynchos,American Crow,Aves,8021
374820029,47621cda-a1de-41d4-9bc2-a9c65d7f4f0b,research,false,,"Washington, US",47.5142182862,-122.3038079547,66,,,,26839,obscured,open,true,,,,King,American Crow,Corvus brachyrhynchos,American Crow,Aves,8021
374820605,0b22bcbb-fbc4-43ae-bc02-9efba82f2da1,research,false,843,"Corson Ave S, Seattle, WA, US",47.5484806722,-122.3213400084,26,,,,26,,open,false,,,,King,American Crow,Corvus brachyrhynchos,American Crow,Aves,8021
374981496,947470e7-c773-498c-9517-167a5a254c1b,research,false,843,"S Ryan St, Seattle, WA, US",47.509575,-122.23935,3,,,,3,,open,false,,,,King,American Crow,Corvus brachyrhynchos,American Crow,Aves,8021
374998425,a246e1b1-def3-4a52-851c-b9916896afe9,research,false,2,"Downtown, Redmond, WA 98052, USA",47.6683666667,-122.1139277778,,,,,,,open,false,gps,gps,Redmond City Limits,King,American Crow,Corvus brachyrhynchos,American Crow,Aves,8021
375135598,f718c3fc-72b9-4d08-9ccb-723f22765743,research,false,,"Ravenna, Seattle, WA, USA",47.6701037152,-122.3036271861,146,,,,146,,open,false,,,,King,American Crow,Corvus brachyrhynchos,American Crow,Aves,8021
375255825,3bdb83a4-cc2c-49ed-9e79-37d7adb50b66,research,false,333,Shoreline,47.7645378113,-122.3838272095,6,,,,6,,open,false,,,,King,American Crow,Corvus brachyrhynchos,American Crow,Aves,8021
375269579,305763eb-6cbd-4cbc-bf59-ba17ba389fad,research,false,3,"Terry Ave N, Seattle, WA, US",47.6250716667,-122.3377383333,54,,,,54,,open,false,,,,King,American Crow,Corvus brachyrhynchos,American Crow,Aves,8021
375387903,00b87899-a7de-4958-9d87-5aa4167a0ce0,research,false,2,"International Blvd & S 195th St, SeaTac, WA 98188, USA",47.4299055556,-122.2930722222,,,,,,,open,false,gps,gps,Seatac City Limits,King,American Crow,Corvus brachyrhynchos,American Crow,Aves,8021
375402685,d77a17a9-7ffa-4874-a8b3-a61b710941ea,research,false,843,"NW 190th St, Shoreline, WA, US",47.7658300179,-122.3834776603,34,,,,34,,open,false,,,,King,American Crow,Corvus brachyrhynchos,American Crow,Aves,8021
375733284,c350ae46-f4ad-4089-b61c-3c31f8fb2087,research,false,2,"Lake Union Park, Seattle, WA 98109, USA",47.6261640997,-122.3356933997,,,,,,,open,false,gps,gps,,King,American Crow,Corvus brachyrhynchos,American Crow,Aves,8021
375976982,6aa6d9ce-92d5-4551-ae7b-8681a3f235ff,research,false,333,Seattle,47.5687828064,-122.3590087891,4,,,,4,,open,false,,,,King,American Crow,Corvus brachyrhynchos,American Crow,Aves,8021
376043754,aec7b2f3-e41e-4be9-8a20-c9e7d84b1913,research,false,,"Seahurst, Burien, WA, USA",47.4826111099,-122.3609968154,61,,,,61,,open,false,,,Burien City Limits,King,American Crow,Corvus brachyrhynchos,American Crow,Aves,8021
376289293,052792c0-d098-4359-9891-180392ff3457,research,false,2,"Holman Rd NW & 9th Ave NW, Seattle, WA 98117, USA",47.6983405046,-122.371407263,9,,,,9,,open,false,gps,gps,,King,American Crow,Corvus brachyrhynchos,American Crow,Aves,8021
376378093,322a249e-d1cd-49b0-9034-e4fe1f1b9778,research,false,843,"King County, US-WA, US",47.4361033333,-122.288475,20,,,,20,,open,false,,,Seatac City Limits,King,American Crow,Corvus brachyrhynchos,American Crow,Aves,8021
376454271,d3615699-5ff3-4ddd-a885-d6485248c658,research,false,3,"5th Ave, Seattle, WA, US",47.6060616667,-122.3308333333,21,,,,21,,open,false,,,,King,American Crow,Corvus brachyrhynchos,American Crow,Aves,8021
376580202,4d690062-1551-4b1b-aed3-7be9acd4a1df,research,false,2,"Phinney Ave N & N 46th St, Seattle, WA 98103, USA",47.6632804722,-122.3516845556,,,,,,,open,false,gps,gps,,King,American Crow,Corvus brachyrhynchos,American Crow,Aves,8021
376594528,22cdbcb4-5125-4c16-bc81-60641ebdeaca,research,false,843,"68th Ave S, Seattle, WA, US",47.5103507402,-122.2482045782,11,,,,11,,open,false,,,,King,American Crow,Corvus brachyrhynchos,American Crow,Aves,8021
376715430,33f26707-d326-4e31-a823-dfd0c5f16605,research,false,,"University of Washington, Seattle, WA, USA",47.6566479117,-122.293683321,50,,,,50,,open,false,,,,King,American Crow,Corvus brachyrhynchos,American Crow,Aves,8021
376717251,07a5ecdd-e00f-4130-81a4-b528396f407d,research,false,,"Kirkland, WA, USA",47.6983543133,-122.2118113067,80,,,,80,,open,false,,,,King,American Crow,Corvus brachyrhynchos,American Crow,Aves,8021
376731695,9e1ef4d5-9b23-41c4-82d1-6d62f581314f,research,false,843,"34th Ave, Seattle, WA, US",47.61462449,-122.2891937994,24,,,,24,,open,false,,,,King,American Crow,Corvus brachyrhynchos,American Crow,Aves,8021
376881184,aa0a17a5-23bf-487c-9e6e-80f6a71f8b91,research,false,999,"King County, US-WA, US",47.6314283333,-122.2966,,,,,,,open,false,,,,King,American Crow,Corvus brachyrhynchos,American Crow,Aves,8021
376891147,cc6a67b0-2ae7-46d2-9d17-fabbb5b5b2b5,research,false,2,"Somerset, Bellevue, WA 98006, USA",47.5591305556,-122.155025,,,,,,,open,false,gps,gps,Bellevue City Limits,King,American Crow,Corvus brachyrhynchos,American Crow,Aves,8021
376940914,fa49d3e5-d6d0-40ad-81e2-ab244fac4ade,research,false,2,"Lake Hills, Bellevue, WA, USA",47.6027944444,-122.1429722222,,,,,,,open,false,gps,gps,Bellevue City Limits,King,American Crow,Corvus brachyrhynchos,American Crow,Aves,8021
376941253,ce55099d-8668-49fa-afdd-5da847a85866,research,false,999,"King County, US-WA, US",47.61523,-122.3009466667,,,,,,,open,false,,,,King,American Crow,Corvus brachyrhynchos,American Crow,Aves,8021
376975401,b46d9963-9c6c-4c26-9dbf-61f390d26f9d,research,false,333,Redmond,47.669002533,-122.1250686646,2,,,,2,,open,false,,,Redmond City Limits,King,American Crow,Corvus brachyrhynchos,American Crow,Aves,8021
377004964,7be1c6a5-8fc9-423c-bd8a-d46c3e3f3f95,research,false,843,"Seattle, WA, US",47.6586966667,-122.3102033333,3,,,,3,,open,false,,,,King,American Crow,Corvus brachyrhynchos,American Crow,Aves,8021
377024806,d61fa1e6-b39e-4a8d-b50a-1932483ac918,research,false,2,"Phinney Ave N & N 53rd St, Seattle, WA 98103, USA",47.66646575,-122.3538055278,,,,,,,open,false,gps,gps,,King,American Crow,Corvus brachyrhynchos,American Crow,Aves,8021
377033537,1ee8e870-6825-416c-9b97-3d75f8520fed,research,false,2,"15th Ave NE & NE 135th St, Seattle, WA 98125, USA",47.727514,-122.316045,,,,,,,open,false,,,,King,American Crow,Corvus brachyrhynchos,American Crow,Aves,8021
377045252,cbca9804-997c-4681-8e8a-3f1f20c89c41,research,false,843,"Beach Dr SW, Seattle, WA, US",47.5737264875,-122.4166844593,44,,,,44,,open,false,,,,King,American Crow,Corvus brachyrhynchos,American Crow,Aves,8021
377202124,50b287ba-5e9b-4e91-8645-fec7519a2d91,research,false,,"Volunteer Park Conservatory, 1400 E Galer St, Seattle, WA 98112, USA",47.632123,-122.315728,171,,,,171,,open,false,,,,King,American Crow,Corvus brachyrhynchos,American Crow,Aves,8021
377335113,9b9bc82f-a575-490b-ba96-f306cfeeb216,research,false,999,"King County, US-WA, US",47.6537633333,-122.2983783333,,,,,,,open,false,,,,King,American Crow,Corvus brachyrhynchos,American Crow,Aves,8021
377355901,587f0419-614c-44e3-828c-3d100ea898a9,research,false,2,"Alki, Seattle, WA 98116, USA",47.5725163997,-122.4136455997,,,,,,,open,false,gps,gps,,King,American Crow,Corvus brachyrhynchos,American Crow,Aves,8021
377491529,bfb779a3-51e6-4186-a13d-7e6f1f6badde,research,false,2,"Woodlawn Ave NE & 1st Ave NE, Seattle, WA 98103, USA",47.67933652,-122.32928158,7,,,,7,,open,false,,,,King,American Crow,Corvus brachyrhynchos,American Crow,Aves,8021
377498105,0674a0c7-04f4-485f-9e4d-505fe382d8ce,research,false,2,"Holman Rd NW & 9th Ave NW, Seattle, WA 98117, USA",47.6993202772,-122.3713777587,9,,,,9,,open,false,gps,gps,,King,American Crow,Corvus brachyrhynchos,American Crow,Aves,8021
377498506,8e4b6bf8-9021-405f-a671-9c6ae8e6d7c7,research,false,2,"Woodlawn Ave NE & 1st Ave NE, Seattle, WA 98103, USA",47.678882,-122.3293209722,,,,,,,open,false,gps,gps,,King,American Crow,Corvus brachyrhynchos,American Crow,Aves,8021
377553771,c388dc20-7058-43ba-8fbc-43d8425e47f0,research,false,2,"Downtown, Redmond, WA 98052, USA",47.6699416667,-122.1106083333,,,,,,,open,false,gps,gps,Redmond City Limits,King,American Crow,Corvus brachyrhynchos,American Crow,Aves,8021
377647819,e25b8725-0caa-4ef3-afe1-9a1172c8733b,research,false,,"University of Washington, Seattle, WA, USA",47.649814686,-122.3070129143,122,,,,122,,open,false,,,,King,American Crow,Corvus brachyrhynchos,American Crow,Aves,8021
377772570,7479ff16-ce40-4462-9a4f-b015b0377ce6,research,false,999,"King County, US-WA, US",47.6253083333,-122.2935333333,,,,,,,open,false,,,,King,American Crow,Corvus brachyrhynchos,American Crow,Aves,8021
377903569,208885a3-1ddf-4550-b706-7e1f368ddb1f,research,false,999,"King County, US-WA, US",47.6820283333,-122.3320616667,,,,,,,open,false,,,,King,American Crow,Corvus brachyrhynchos,American Crow,Aves,8021
377922036,1cced060-fefd-40e2-860c-ed891562734c,research,false,999,"King County, US-WA, US",47.6236883333,-122.2966383333,,,,,,,open,false,,,,King,American Crow,Corvus brachyrhynchos,American Crow,Aves,8021
377922075,a62ed90e-8963-4e7a-9f88-e0df33f94de0,research,false,999,"King County, US-WA, US",47.6649116667,-122.3498383333,,,,,,,open,false,,,,King,American Crow,Corvus brachyrhynchos,American Crow,Aves,8021
377922167,50c97b3d-46c3-4e62-85af-b1f7fe0d2c6b,research,false,999,"King County, US-WA, US",47.6695366667,-122.34375,,,,,,,open,false,,,,King,American Crow,Corvus brachyrhynchos,American Crow,Aves,8021
377922238,f827f87f-6708-4847-bc41-54c904989756,research,false,999,"King County, US-WA, US",47.6695366667,-122.34375,,,,,,,open,false,,,,King,American Crow,Corvus brachyrhynchos,American Crow,Aves,8021
377922289,2fd0cca1-b629-4d95-b3d5-258fd19868a1,research,false,999,"Green Lake Trail, Seattle, WA, US",47.6731859456,-122.3391702105,1632,,,,1632,,open,false,,,,King,American Crow,Corvus brachyrhynchos,American Crow,Aves,8021
377922334,0a361468-5969-45dd-a2d3-22425011bf55,research,false,999,"King County, US-WA, US",47.6842633333,-122.3389716667,,,,,,,open,false,,,,King,American Crow,Corvus brachyrhynchos,American Crow,Aves,8021
377927882,affeddbd-5931-41f6-b9c2-69081aee5b55,research,false,999,"King County, US-WA, US",47.66517,-122.34993,,,,,,,open,false,,,,King,American Crow,Corvus brachyrhynchos,American Crow,Aves,8021
377940431,e872d058-b501-4e71-bb27-d012900feb72,research,false,2,"NW 54th St & 30th Ave NW, Seattle, WA 98107, USA",47.6665361111,-122.3965666667,,,,,,,open,false,gps,gps,,King,American Crow,Corvus brachyrhynchos,American Crow,Aves,8021
378165655,b86dc665-cf6b-4193-bc7b-73479e061c76,research,false,999,"King County, US-WA, US",47.6253366667,-122.2936383333,,,,,,,open,false,,,,King,American Crow,Corvus brachyrhynchos,American Crow,Aves,8021
378176994,af20859c-6596-4663-8435-0a556595cccd,research,false,843,"E Pike St, Seattle, WA, US",47.6141466667,-122.3195716667,4,,,,4,,open,false,,,,King,American Crow,Corvus brachyrhynchos,American Crow,Aves,8021
378276267,b0445e4e-b244-48e9-bb96-891fde78518c,research,false,999,"King County, US-WA, US",47.6387133333,-122.2768866667,,,,,,,open,false,,,,King,American Crow,Corvus brachyrhynchos,American Crow,Aves,8021
378503778,ee5d4e7c-e738-425f-80d7-55fc0c88976d,research,false,2,"Holman Rd NW & 9th Ave NW, Seattle, WA 98117, USA",47.6997442681,-122.3714317381,9,,,,9,,open,false,gps,gps,,King,American Crow,Corvus brachyrhynchos,American Crow,Aves,8021
378518581,c75147ba-4bf3-41bc-974b-746982f8559d,research,false,999,"King County, US-WA, US",47.6581466667,-122.1168445,,,,,,,open,false,,,,King,American Crow,Corvus brachyrhynchos,American Crow,Aves,8021
378518895,064e016c-ebf2-435f-9fcd-704448de0943,research,false,999,"King County, US-WA, US",47.6585083333,-122.1155028333,,,,,,,open,false,,,,King,American Crow,Corvus brachyrhynchos,American Crow,Aves,8021
378518918,26a2a778-ff5d-4da4-9542-a15fd4c9fd81,research,false,999,"King County, US-WA, US",47.6585083333,-122.1155028333,,,,,,,open,false,,,,King,American Crow,Corvus brachyrhynchos,American Crow,Aves,8021
378550031,11b2a006-1f72-47e1-9e36-a2a289ac73e7,research,false,843,"Seattle, WA, US",47.6913835441,-122.4045294327,72,,,,72,,open,false,,,,King,American Crow,Corvus brachyrhynchos,American Crow,Aves,8021
378566629,5464e53c-da20-4814-bc9d-1eeb82a283ff,research,false,3,"Washington Park Arboretum, Seattle, WA, US",47.6399083333,-122.2950283333,8,,,,8,,open,false,,,,King,American Crow,Corvus brachyrhynchos,American Crow,Aves,8021
378633319,fc546117-00d8-47e0-acac-228261842d5a,research,false,999,"King County, US-WA, US",47.63817,-122.2934416667,,,,,,,open,false,,,,King,American Crow,Corvus brachyrhynchos,American Crow,Aves,8021
378633711,cb3d1a68-3ad2-4e5f-b089-f577e257aec2,research,false,999,"King County, US-WA, US",47.6274133333,-122.2945633333,,,,,,,open,false,,,,King,American Crow,Corvus brachyrhynchos,American Crow,Aves,8021
378633721,ee29f5b2-dcf4-486e-94d4-2cf9fc897756,research,false,999,"King County, US-WA, US",47.62768,-122.2942366667,,,,,,,open,false,,,,King,American Crow,Corvus brachyrhynchos,American Crow,Aves,8021
378639820,9b7ca045-f142-49d9-9110-c5cbb8fab7cd,research,false,843,"NW Innis Arden Way, Shoreline, WA, US",47.7497,-122.3639133333,7,,,,7,,open,false,,,,King,American Crow,Corvus brachyrhynchos,American Crow,Aves,8021
378787298,35dd6a0f-971d-4a7c-8b5e-fb7d3a967a71,research,false,2,"Des Moines, WA, USA",47.4032231256,-122.3307972774,38,,,,38,,open,false,,,,King,American Crow,Corvus brachyrhynchos,American Crow,Aves,8021
378788158,c6657f9d-7e84-4e65-a24f-f1a7cc2733b6,research,false,2,"Des Moines, WA, USA",47.4040318853,-122.3293492198,37,,,,37,,open,false,,,Des Moines City Limits,King,American Crow,Corvus brachyrhynchos,American Crow,Aves,8021
378790535,61f95002-3aa1-484d-88b9-c6dc3578ae7a,research,false,2,"NE Campus Pkwy & University Way NE, Seattle, WA 98105, USA",47.6561953,-122.3127863997,,,,,,,open,false,gps,gps,,King,American Crow,Corvus brachyrhynchos,American Crow,Aves,8021
378793337,26bcbe39-9a04-48c6-b34f-2da3161fd59f,research,false,2,"Southeast Redmond, Redmond, WA 98052, USA",47.660724034,-122.1121197939,187,,,,187,,open,false,gps,gps,,King,American Crow,Corvus brachyrhynchos,American Crow,Aves,8021
378802607,b0c21274-d06a-4132-9568-01a8a924e88f,research,false,843,"Seattle, WA, US",47.5320842257,-122.3968563137,65,,,,65,,open,false,,,,King,American Crow,Corvus brachyrhynchos,American Crow,Aves,8021
378958270,42b7edeb-4655-4bd3-9bc1-9e82ad271a8e,research,false,,"Seahurst, Burien, WA, USA",47.4753697331,-122.3644058568,2531,,,,2531,,open,false,,,Burien City Limits,King,American Crow,Corvus brachyrhynchos,American Crow,Aves,8021
379083141,78f6da0a-a3ec-4700-bf8a-76e5ef0e0c6e,research,false,3,"Marymoor Off-Leash Dog Park, Redmond, WA, US",47.6576166667,-122.1154333333,9,,,,9,,open,false,,,,King,American Crow,Corvus brachyrhynchos,American Crow,Aves,8021
379177006,f3d431e1-6432-4e9a-8989-fb83204decd7,research,false,2,"Seattle, WA 98116, USA",47.5714484,-122.4128616997,,,,,,,open,false,gps,gps,,King,American Crow,Corvus brachyrhynchos,American Crow,Aves,8021
379188810,75aac60b-fcfc-4fdf-947a-efcd29907f18,research,false,843,"Des Moines, WA, US",47.3721282351,-122.324285505,29,,,,29,,open,false,,,Des Moines City Limits,King,American Crow,Corvus brachyrhynchos,American Crow,Aves,8021
379232483,15862171-6e6d-423f-aac2-29f0f81491b4,research,false,999,"King County, US-WA, US",47.6260616667,-122.293905,,,,,,,open,false,,,,King,American Crow,Corvus brachyrhynchos,American Crow,Aves,8021
379275554,555c0ad1-7720-4f73-87e6-975d3227d590,research,false,2,"Pinehurst, Seattle, WA 98125, USA",47.728795556,-122.3164689168,29,,,,29,,open,false,gps,gps,,King,American Crow,Corvus brachyrhynchos,American Crow,Aves,8021
379436375,cf0a8d82-4f96-4ee3-be70-d5781e9692a9,research,false,843,"SW Seahurst Park Rd, Burien, WA, US",47.4776166667,-122.3630216667,3,,,,3,,open,false,,,Burien City Limits,King,American Crow,Corvus brachyrhynchos,American Crow,Aves,8021
379486102,3fdf624a-754f-4801-b1ba-51e7168146d7,research,false,2,"Holman Rd NW & 9th Ave NW, Seattle, WA 98117, USA",47.6987642777,-122.3705010116,4,,,,4,,open,false,gps,gps,,King,American Crow,Corvus brachyrhynchos,American Crow,Aves,8021
379486367,146ab822-6076-439d-b85b-2cd3f818b563,research,false,2,"Holman Rd NW & 9th Ave NW, Seattle, WA 98117, USA",47.6987333636,-122.3704979941,3,,,,3,,open,false,gps,gps,,King,American Crow,Corvus brachyrhynchos,American Crow,Aves,8021
379564737,37f95b23-005e-4a00-bc73-dfae18b63ca5,research,false,843,"7th Ave NE, Seattle, WA, US",47.65515,-122.320795,12,,,,12,,open,false,,,,King,American Crow,Corvus brachyrhynchos,American Crow,Aves,8021
379575568,b0ac5433-53fe-45d7-9070-d8427a84627e,research,false,999,"King County, US-WA, US",47.63767,-122.2966916667,,,,,,,open,false,,,,King,American Crow,Corvus brachyrhynchos,American Crow,Aves,8021
379705697,7c4f07da-adfb-4981-a13d-6eb43dd9e929,research,false,999,"King County, US-WA, US",47.6264633333,-122.29328,,,,,,,open,false,,,,King,American Crow,Corvus brachyrhynchos,American Crow,Aves,8021
379706288,5d6d9b66-f9b5-44d8-a50a-14e86b91ea3e,research,false,999,"King County, US-WA, US",47.6396616667,-122.2988883333,,,,,,,open,false,,,,King,American Crow,Corvus brachyrhynchos,American Crow,Aves,8021
379850390,de8e577f-cc5b-4c79-97c9-04b4d96aa714,research,false,3,"University Heights Center, Seattle, WA, US",47.665425,-122.3132033333,4,,,,4,,open,false,,,,King,Northwestern Crow,Corvus brachyrhynchos,American Crow,Aves,8021
379903128,d5ec4199-372f-4a1d-b1ee-cb9c4b5c8247,research,false,2,"Sand Point, Seattle, WA 98115, USA",47.6775280592,-122.2562493011,30,,,,30,,open,false,gps,gps,,King,American Crow,Corvus brachyrhynchos,American Crow,Aves,8021
379908575,18a55bcd-e038-4ed9-8f9a-07b9f9817e82,research,false,999,"King County, US-WA, US",47.6552883333,-122.2972866667,,,,,,,open,false,,,,King,American Crow,Corvus brachyrhynchos,American Crow,Aves,8021
379911300,486e2861-e591-4fe7-8845-13f235b4d2e4,research,false,999,"King County, US-WA, US",47.6563866667,-122.2942116667,,,,,,,open,false,,,,King,American Crow,Corvus brachyrhynchos,American Crow,Aves,8021
379912415,94b22c14-934b-4ed0-a3ee-dd6bf0f541cf,research,false,999,"King County, US-WA, US",47.6563866667,-122.2942116667,,,,,,,open,false,,,,King,American Crow,Corvus brachyrhynchos,American Crow,Aves,8021
379912426,360b86e8-f562-4caa-adc7-eee3adc7bfd1,research,false,999,"King County, US-WA, US",47.6563866667,-122.2942116667,,,,,,,open,false,,,,King,American Crow,Corvus brachyrhynchos,American Crow,Aves,8021
379913163,3b8c7612-ebb0-4728-a16e-c7fe8b422644,research,false,999,"King County, US-WA, US",47.656445,-122.2940966667,,,,,,,open,false,,,,King,American Crow,Corvus brachyrhynchos,American Crow,Aves,8021
379914012,b5f47c8a-5a71-4948-b8de-781e70e6ee52,research,false,999,"King County, US-WA, US",47.63312,-122.29608,,,,,,,open,false,,,,King,American Crow,Corvus brachyrhynchos,American Crow,Aves,8021
380021200,246a1ad9-58df-4023-91ce-ddfbba24f6a3,research,false,843,"23rd Ave NE, Seattle, WA, US",47.6908033333,-122.304305,20,,,,20,,open,false,,,,King,American Crow,Corvus brachyrhynchos,American Crow,Aves,8021
380154138,cf3cd58f-ad8a-4fa9-8ea4-01b73bbf1bd5,research,false,999,"King County, US-WA, US",47.6274916667,-122.2939383333,,,,,,,open,false,,,,King,American Crow,Corvus brachyrhynchos,American Crow,Aves,8021
380326620,89155cb4-7d0d-4755-9702-02f2932393ea,research,false,843,"E James Way, Seattle, WA, US",47.6086116667,-122.3180616667,22,,,,22,,open,false,,,,King,American Crow,Corvus brachyrhynchos,American Crow,Aves,8021
380413597,abe663a8-e2b6-49d6-a583-109608c65c17,research,false,999,"King County, US-WA, US",47.6499333333,-122.4185866667,,,,,,,open,false,,,,King,American Crow,Corvus brachyrhynchos,American Crow,Aves,8021
380440694,8f8794d9-f703-4142-90e5-ecfcc3719cf9,research,false,3,"Bellevue Village Center, Bellevue, WA, US",47.6175349173,-122.2049140832,4,,,,4,,open,false,,,Bellevue City Limits,King,American Crow,Corvus brachyrhynchos,American Crow,Aves,8021
380451150,a46877ea-a5fb-4274-9310-7d377a863f4e,research,false,999,"King County, US-WA, US",47.6573333333,-122.4127883333,,,,,,,open,false,,,,King,American Crow,Corvus brachyrhynchos,American Crow,Aves,8021
380452166,09c0331d-434e-4d05-b420-173d3bda88e5,research,false,999,"King County, US-WA, US",47.65988,-122.43058,,,,,,,open,false,,,,King,American Crow,Corvus brachyrhynchos,American Crow,Aves,8021
380452900,0ca4e6c7-919f-4564-bee8-8ab736f22582,research,false,999,"King County, US-WA, US",47.6552083333,-122.4242466667,,,,,,,open,false,,,,King,American Crow,Corvus brachyrhynchos,American Crow,Aves,8021
380464236,90bde9db-ca77-40fc-898c-b2a49d1c8b24,research,false,2,"Adams, Seattle, WA, USA",47.6736333333,-122.39325,,,,,,,open,false,gps,gps,,King,American Crow,Corvus brachyrhynchos,American Crow,Aves,8021
380543715,edeb48d5-54ef-4d8e-b709-fedadfab009d,research,false,843,"Seattle, WA, US",47.6577083333,-122.3112333333,6,,,,6,,open,false,,,,King,American Crow,Corvus brachyrhynchos,American Crow,Aves,8021
380555221,71e37415-f9de-42d5-acef-622e0a1ea27a,research,false,2,"Broadview, Seattle, WA, USA",47.7125648074,-122.3769389838,29,,,,29,,open,false,gps,gps,,King,American Crow,Corvus brachyrhynchos,American Crow,Aves,8021
380735825,3e8a0d2e-009f-47b1-85dd-abf78f4d10d2,research,false,999,"King County, US-WA, US",47.6330466667,-122.2960283333,,,,,,,open,false,,,,King,American Crow,Corvus brachyrhynchos,American Crow,Aves,8021
380860902,b24712ff-5a45-45e7-a405-432a09cf50f4,research,false,999,"King County, US-WA, US",47.6457666667,-122.2941966667,,,,,,,open,false,,,,King,American Crow,Corvus brachyrhynchos,American Crow,Aves,8021
380904668,089a1494-2a48-4c6b-99f2-f97591bc190c,research,false,999,"King County, US-WA, US",47.6322194637,-122.2966682404,18,,,,18,,open,false,,,,King,American Crow,Corvus brachyrhynchos,American Crow,Aves,8021
380905009,d07cc090-9f6b-4870-97eb-46d7547f50f9,research,false,999,"King County, US-WA, US",47.6537133333,-122.2960966667,,,,,,,open,false,,,,King,American Crow,Corvus brachyrhynchos,American Crow,Aves,8021
380905063,90d5e793-b07f-41bd-86fe-12a4df2471b3,research,false,999,"King County, US-WA, US",47.6537133333,-122.2960966667,,,,,,,open,false,,,,King,American Crow,Corvus brachyrhynchos,American Crow,Aves,8021
380907323,853de5fc-0d0d-4c11-95a4-d8e11b1b6c4a,research,false,2,"Seward Park, Seattle, WA 98118, USA",47.5489611111,-122.2540472222,,,,,,,open,false,gps,gps,,King,American Crow,Corvus brachyrhynchos,American Crow,Aves,8021
380916752,86a5d551-30f3-4998-a96a-85210446180d,research,false,,"University of Washington, Seattle, WA, USA",47.6577205166,-122.296793247,31,,,,31,,open,false,,,,King,American Crow,Corvus brachyrhynchos,American Crow,Aves,8021
380929862,d7976053-b5c0-4978-afa1-49ccdbaa5fb7,research,false,843,"Seattle, WA, US",47.5726425098,-122.4142260832,332,,,,332,,open,false,,,,King,American Crow,Corvus brachyrhynchos,American Crow,Aves,8021
380980247,4e372468-aa9e-4994-aa0a-3f7c4fda3de9,research,false,,미국 워싱턴 시택,47.4388375,-122.297115,,,,,,,open,false,,,Seatac City Limits,King,미국까마귀,Corvus brachyrhynchos,American Crow,Aves,8021
381037944,a0787b01-0f59-471a-9d1f-3e582fe316a8,research,false,999,"King County, US-WA, US",47.6259311813,-122.2925278234,41,,,,41,,open,false,,,,King,American Crow,Corvus brachyrhynchos,American Crow,Aves,8021
381235863,0fc5d756-1e29-4025-844d-428412dba0f0,research,false,843,"NW Esplanade, Seattle, WA, US",47.697652913,-122.4017467995,1275,,,,1275,,open,false,,,,King,American Crow,Corvus brachyrhynchos,American Crow,Aves,8021
381361178,2c55a45b-3c61-4780-92b0-01ed8e0c6a54,research,false,3,"Cal Anderson Park, Seattle, WA, US",47.617225,-122.31823,3,,,,3,,open,false,,,,King,American Crow,Corvus brachyrhynchos,American Crow,Aves,8021
381388376,957eeff2-23d5-4166-a782-2a3b8313cc24,research,false,999,"25th Ave E, Seattle, WA, US",47.6405892135,-122.3005635743,189,,,,189,,open,false,,,,King,American Crow,Corvus brachyrhynchos,American Crow,Aves,8021
381437857,750c58e8-a7b5-47ca-b191-abec7a00d2d1,research,false,999,"Azalea Way E, Seattle, WA, US",47.6359721131,-122.2971363104,615,,,,615,,open,false,,,,King,American Crow,Corvus brachyrhynchos,American Crow,Aves,8021
381575223,e4737ce1-d7fc-4353-a35a-9de6e1622b36,research,false,,"Lake Hills, Bellevue, WA, USA",47.6014754603,-122.1371984414,772,,,,772,,open,false,,,Bellevue City Limits,King,American Crow,Corvus brachyrhynchos,American Crow,Aves,8021
381695437,3b2d06c3-053b-4b5d-a3e6-08a76a7f38d6,research,false,999,"King County, US-WA, US",47.62513,-122.29518,,,,,,,open,false,,,,King,American Crow,Corvus brachyrhynchos,American Crow,Aves,8021
381820855,d416c7ab-7f99-4b68-8727-1aca9baac353,research,false,,"University of Washington, Seattle, WA, USA",47.6553878939,-122.2969097823,31,,,,31,,open,false,,,,King,American Crow,Corvus brachyrhynchos,American Crow,Aves,8021
381887127,62631162-f727-40b6-b937-9e4692fb17f8,research,false,999,"King County, US-WA, US",47.6435666667,-122.3045283333,,,,,,,open,false,,,,King,American Crow,Corvus brachyrhynchos,American Crow,Aves,8021
382002874,5789a1d4-60a4-433a-ae87-9ba7fa1879c7,research,false,999,"Lake Washington Blvd E, Seattle, WA, US",47.6266365739,-122.2938935803,55,,,,55,,open,false,,,,King,American Crow,Corvus brachyrhynchos,American Crow,Aves,8021
382178146,15a42b46-318b-4014-8c70-365cb0f42b2c,research,false,,"Downtown Seattle, Seattle, WA, USA",47.6095245575,-122.3431109493,186,,,,186,,open,false,,,,King,American Crow,Corvus brachyrhynchos,American Crow,Aves,8021
382179126,dcab0cef-706e-40bb-9e14-394b379afb5b,research,false,999,"King County, US-WA, US",47.6251283333,-122.2962333333,,,,,,,open,false,,,,King,American Crow,Corvus brachyrhynchos,American Crow,Aves,8021
382403169,7f75b03c-9ea0-4570-a131-cde1d4011735,needs_id,false,3,"University of Washington, Seattle, WA, US",47.6537883333,-122.2988966667,3,,,,3,,open,false,,,,King,American Crow,Corvus brachyrhynchos,American Crow,Aves,8021
382634525,fb43aa7f-a646-46d3-b40b-9a1f69ffaa1e,research,false,3,"Alki Trail, Seattle, WA, US",47.5915333333,-122.3922583333,13,,,,13,,open,false,,,,King,American Crow,Corvus brachyrhynchos,American Crow,Aves,8021
382729640,25aba172-f269-4a94-beb6-431e001b0b27,research,false,843,"Seward Park Ave S, Seattle, WA, US",47.5386038163,-122.2672718845,167,,,,167,,open,false,,,,King,American Crow,Corvus brachyrhynchos,American Crow,Aves,8021
382972127,27d50472-6256-4476-a376-0301a30553c7,research,false,2,"14th Ave NW & NW 103rd St (NB), Seattle, WA 98177, USA",47.7030277672,-122.3725425079,31,,,,31,,open,false,gps,gps,,King,American Crow,Corvus brachyrhynchos,American Crow,Aves,8021
383144857,372cbcb5-96f2-4f89-bea9-4995bf37df2e,research,false,3,"Alki Trail, Seattle, WA, US",47.5900166667,-122.3937,14,,,,14,,open,false,,,,King,American Crow,Corvus brachyrhynchos,American Crow,Aves,8021
383163709,98aaea30-8923-4108-82e6-274f11fb1045,research,false,2,"Broadway E & E Mercer St, Seattle, WA 98102, USA",47.6242647761,-122.3210068792,1838,,,,1838,,open,false,gps,gps,,King,American Crow,Corvus brachyrhynchos,American Crow,Aves,8021
383333938,2fcd6643-1e7b-4526-8226-2d4f4edf047e,research,false,843,"15th Ave NE, Shoreline, WA, US",47.7540133333,-122.3130033333,3,,,,3,,open,false,,,,King,American Crow,Corvus brachyrhynchos,American Crow,Aves,8021
383375989,3e5b57dd-951b-4087-9173-ed5313d2abda,research,false,333,"King County, US-WA, US",47.3878707886,-122.3070373535,8,,,,8,,open,false,,,Des Moines City Limits,King,American Crow,Corvus brachyrhynchos,American Crow,Aves,8021
383396473,96991f28-4190-45fb-8aae-50de8efae1a3,research,false,999,"29th Ave E, Seattle, WA, US",47.625938656,-122.2951345079,1099,,,,1099,,open,false,,,,King,American Crow,Corvus brachyrhynchos,American Crow,Aves,8021
383634216,7718d793-7085-4b99-a7ce-b144bdcfffea,research,false,999,"King County, US-WA, US",47.6192186232,-122.3024182961,15,,,,15,,open,false,,,,King,American Crow,Corvus brachyrhynchos,American Crow,Aves,8021
383748946,affdd034-4351-4067-91c8-f11983e16db8,research,false,843,"Western Ave, Seattle, WA, US",47.616325,-122.3545533333,2,,,,2,,open,false,,,,King,American Crow,Corvus brachyrhynchos,American Crow,Aves,8021
383750625,77702f6f-00c8-4c5f-9490-92e654b136bd,research,false,843,"Western Ave, Seattle, WA, US",47.6162866667,-122.3544916667,10,,,,10,,open,false,,,,King,American Crow,Corvus brachyrhynchos,American Crow,Aves,8021
383785534,d847d8a7-699f-4d32-ba56-77fe93d3b764,research,false,,"Downtown, Redmond, WA 98052, USA",47.674140083,-122.1222614001,1756,,,,1756,,open,false,,,Redmond City Limits,King,American Crow,Corvus brachyrhynchos,American Crow,Aves,8021
383830103,3a5f76af-b711-483b-a561-2244d8dc841a,research,false,999,"King County, US-WA, US",47.6345900232,-122.2968565591,10,,,,10,,open,false,,,,King,American Crow,Corvus brachyrhynchos,American Crow,Aves,8021
384006613,64eeb141-2421-47bf-8908-9f8a3f75644b,research,false,999,"King County, US-WA, US",47.6289823219,-122.2950948902,52,,,,52,,open,false,,,,King,American Crow,Corvus brachyrhynchos,American Crow,Aves,8021
384072691,cad86014-d18d-45bf-a2e5-f96c53a5c226,research,false,3,"61st Ave SW, Seattle, WA, US",47.5785383333,-122.4108216667,,,,,,,open,false,,,,King,American Crow,Corvus brachyrhynchos,American Crow,Aves,8021
384119552,199ff0e6-f7e0-4516-98a3-526fa866809f,research,false,333,Seattle,47.598449707,-122.3324813843,9,,,,9,,open,false,,,,King,American Crow,Corvus brachyrhynchos,American Crow,Aves,8021
384169997,9ab8c3ed-36bb-4635-9cfe-8f4369d64750,research,false,,"Seattle, WA, USA",47.7127388889,-122.3796611111,,,,,,,open,false,,,,King,American Crow,Corvus brachyrhynchos,American Crow,Aves,8021
384169999,82e57521-b060-4564-b1fb-89d5eaf1ccc2,research,false,,"Broadview, Seattle, WA, USA",47.7126527778,-122.3784027778,,,,,,,open,false,,,,King,American Crow,Corvus brachyrhynchos,American Crow,Aves,8021
384170000,90ad1fc2-f57a-45ca-a6db-d864a16ebede,research,false,,"Seattle, WA, USA",47.7127388889,-122.3796611111,,,,,,,open,false,,,,King,American Crow,Corvus brachyrhynchos,American Crow,Aves,8021
384465036,1fbd616b-5e2b-49f9-be8c-24d732804498,research,false,999,"King County, US-WA, US",47.6134695924,-122.2010104303,43,,,,43,,open,false,,,Bellevue City Limits,King,American Crow,Corvus brachyrhynchos,American Crow,Aves,8021
384595435,4f37f8f4-657a-4641-9367-3fccbea4093c,research,false,999,"King County, US-WA, US",47.6383184273,-122.2963537713,20,,,,20,,open,false,,,,King,American Crow,Corvus brachyrhynchos,American Crow,Aves,8021
384892456,b70c9bbd-f80b-426d-bc4e-f52f6158f5e8,research,false,843,"NE 169th Ct, Lake Forest Park, WA, US",47.7518866667,-122.2848583333,14,,,,14,,open,false,,,,King,American Crow,Corvus brachyrhynchos,American Crow,Aves,8021
385172843,6c5da1b1-c368-4dd6-8942-c7c2257acf85,research,false,2,"15th Ave NE & NE 70th St, Seattle, WA 98115, USA",47.6786305556,-122.3129972222,,,,,,,open,false,gps,gps,,King,American Crow,Corvus brachyrhynchos,American Crow,Aves,8021
385434567,70338631-b317-4d48-be1e-650981baa88e,research,false,2,"14th Ave NW & NW 103rd St (NB), Seattle, WA 98177, USA",47.7015094679,-122.3755680397,90,,,,90,,open,false,gps,gps,,King,American Crow,Corvus brachyrhynchos,American Crow,Aves,8021
385468240,845f40ae-b454-4730-8c8e-a8630bba7817,research,false,2,"Broadview, Seattle, WA, USA",47.7119234492,-122.3778928444,55,,,,55,,open,false,gps,gps,,King,American Crow,Corvus brachyrhynchos,American Crow,Aves,8021
385732454,ef156c80-6218-41b8-a07c-4ee69e404f7c,research,false,999,"26th Ave E, Seattle, WA, US",47.6395170246,-122.2978399396,79,,,,79,,open,false,,,,King,American Crow,Corvus brachyrhynchos,American Crow,Aves,8021
385805352,7a83d575-c3df-43e5-97f7-3c06054ee196,research,false,333,Seattle,47.6126937866,-122.3337020874,,,,,,,open,false,,,,King,American Crow,Corvus brachyrhynchos,American Crow,Aves,8021
385828471,a1c230ce-73ad-4ad1-b3cf-4db3f80579b7,research,false,843,"NE 4th St, Bellevue, WA, US",47.61322,-122.2025966667,4,,,,4,,open,false,,,Bellevue City Limits,King,American Crow,Corvus brachyrhynchos,American Crow,Aves,8021
385838598,3e56b8b6-8209-4cd2-8a63-f28f38aeb583,research,false,843,"King County, US-WA, US",47.4774866667,-122.363045,6,,,,6,,open,false,,,Burien City Limits,King,American Crow,Corvus brachyrhynchos,American Crow,Aves,8021
385840779,c25331de-4610-4945-b233-a3918aac5895,research,false,,"Broadview, Seattle, WA, USA",47.7125166667,-122.378225,,,,,,,open,false,,,,King,American Crow,Corvus brachyrhynchos,American Crow,Aves,8021
385840782,b29652cb-c993-48be-ac53-4fe7b01a2008,research,false,,"Broadview, Seattle, WA, USA",47.7124972222,-122.3782055556,,,,,,,open,false,,,,King,American Crow,Corvus brachyrhynchos,American Crow,Aves,8021
385840796,0b5f2adb-66fa-4a02-bf48-3f6f651713c8,research,false,,"Broadview, Seattle, WA, USA",47.7122277778,-122.3782527778,,,,,,,open,false,,,,King,American Crow,Corvus brachyrhynchos,American Crow,Aves,8021
385957046,52d3a633-2af6-4104-9c9a-61067a563a37,research,false,999,"Lake Washington Blvd E, Seattle, WA, US",47.626747421,-122.2941828766,51,,,,51,,open,false,,,,King,American Crow,Corvus brachyrhynchos,American Crow,Aves,8021
386052223,936b9c07-438c-4821-a005-6d0264261e17,research,false,,"Green Lake, Seattle, WA, USA",47.6765116667,-122.3328716667,,,,,,,open,false,,,,King,American Crow,Corvus brachyrhynchos,American Crow,Aves,8021
386092060,e22281d0-97e9-45c4-9c9b-14e90af7a5ef,research,false,2,"Queen Anne Ave N & W Mercer St, Seattle, WA 98119, USA",47.6244089464,-122.3576357961,174,,,,174,,open,false,,,,King,American Crow,Corvus brachyrhynchos,American Crow,Aves,8021
386137751,ea75f3e3-bc78-4d58-8d06-9b4042dd5dfe,research,false,843,"NW Leary Way, Seattle, WA, US",47.66375,-122.3721466667,5,,,,5,,open,false,,,,King,American Crow,Corvus brachyrhynchos,American Crow,Aves,8021
386174573,5b14dd91-7461-49d2-987a-26b3fe628f6a,research,false,843,"Sammamish River Trail, Redmond, WA, US",47.681645,-122.1318278333,37,,,,37,,open,false,,,Redmond City Limits,King,American Crow,Corvus brachyrhynchos,American Crow,Aves,8021
386257705,d6aa43b0-e1eb-4911-8529-9d2eab3d6d41,research,false,3,"Fauntleroy Ferry Terminal, Seattle, WA, US",47.5232466667,-122.3949966667,10,,,,10,,open,false,,,,King,American Crow,Corvus brachyrhynchos,American Crow,Aves,8021
386260258,400c4474-ced3-4269-87a1-9afb3231bb82,research,false,843,"NE 150th St, Shoreline, WA, US",47.7372333333,-122.3122783333,5,,,,5,,open,false,,,,King,American Crow,Corvus brachyrhynchos,American Crow,Aves,8021
386437200,13cc9f35-124f-4357-b3aa-69377b245213,research,false,843,"NE 4th St, Bellevue, WA, US",47.6133882882,-122.2028778276,2,,,,2,,open,false,,,Bellevue City Limits,King,American Crow,Corvus brachyrhynchos,American Crow,Aves,8021
386478546,20bbf383-be5c-487e-9e91-e333aa2d443b,research,false,843,"Blaine St, Seattle, WA, US",47.63482,-122.356005,,,,,,,open,false,,,,King,American Crow,Corvus brachyrhynchos,American Crow,Aves,8021
386483158,e918f337-fabc-42e7-b307-12d7b7c6d4a8,research,false,,"University of Washington, Seattle, WA, USA",47.6579841115,-122.2914926171,8,,,,8,,open,false,,,,King,American Crow,Corvus brachyrhynchos,American Crow,Aves,8021
386664941,e924a328-bca6-4ef8-ae41-afa0f2a690ba,research,false,3,"International Blvd, SeaTac, WA, US",47.4525416667,-122.2945166667,4,,,,4,,open,false,,,Seatac City Limits,King,American Crow,Corvus brachyrhynchos,American Crow,Aves,8021
386794658,0884e8fe-e6a2-4955-b931-33bb425f94b2,research,false,,"2300 Arboretum Dr E, Seattle, WA 98112, USA",47.6364162,-122.2958146,934,,,,934,,open,false,,,,King,American Crow,Corvus brachyrhynchos,American Crow,Aves,8021
386800421,ec4608f0-fb94-4319-bdb4-e8da10e828a9,research,false,,"Arboretum, Seattle, WA 98112, USA",47.6346084466,-122.2979264729,182,,,,182,,open,false,,,,King,American Crow,Corvus brachyrhynchos,American Crow,Aves,8021
386801080,9175d518-2b0b-4296-9588-117a86b10d67,research,false,,"Tukwila, WA, USA",47.5181571199,-122.2958612397,30,,,,30,,open,false,,,Tukwila City Limits,King,American Crow,Corvus brachyrhynchos,American Crow,Aves,8021
386961588,23854f05-cbc9-41c5-8807-f24856fcbabb,research,false,3,"East Passage, Burien, WA, US",47.478425,-122.363245,2,,,,2,,open,false,,,Burien City Limits,King,American Crow,Corvus brachyrhynchos,American Crow,Aves,8021
386993953,33772d4d-e4f1-48f8-97c7-02caa3ae9f86,research,false,,"Kent, WA, USA",47.4197529564,-122.2090036545,8,,,,8,,open,false,,,Kent City Limits,King,American Crow,Corvus brachyrhynchos,American Crow,Aves,8021
387049591,4a1576ad-3edd-429c-8c9b-6031c5539e72,research,false,,"Kenmore, WA, USA",47.7573583333,-122.2691366667,,,,,,,open,false,,,,King,American Crow,Corvus brachyrhynchos,American Crow,Aves,8021
387279636,176bf686-0abb-4f80-aa83-41ae1020a4ac,research,false,843,"NW 60th St, Seattle, WA, US",47.6721716667,-122.38977,12,,,,12,,open,false,,,,King,American Crow,Corvus brachyrhynchos,American Crow,Aves,8021
387366925,3d7c53e4-3d12-4d42-a7a3-44b2d69ed59e,needs_id,false,3,"University of Washington, Seattle, WA, US",47.6528033333,-122.299325,5,,,,5,,open,false,,,,King,American Crow,Corvus brachyrhynchos,American Crow,Aves,8021
387378862,17a7451b-47cc-4def-a06c-9aed114b5a17,research,false,333,Seattle,47.671661377,-122.3421783447,5,,,,5,,open,false,,,,King,American Crow,Corvus brachyrhynchos,American Crow,Aves,8021
387572135,2a09f253-c34e-4e54-b396-856bb28300b4,research,false,2,"North Beach/Blue Ridge, Seattle, WA, USA",47.7065896967,-122.3784534261,23,,,,23,,open,false,gps,gps,,King,American Crow,Corvus brachyrhynchos,American Crow,Aves,8021
387587042,de23b260-5851-4369-8f02-f90ee4f81e21,research,false,2,"Pinehurst, Seattle, WA 98125, USA",47.7134829532,-122.3157651722,1344,,,,1344,,open,false,gps,gps,,King,American Crow,Corvus brachyrhynchos,American Crow,Aves,8021
387638499,eb90ac0a-1bd9-463d-a78f-6adad665784c,research,false,3,"Westlake Ave N, Seattle, WA, US",47.625595,-122.3385783333,2,,,,2,,open,false,,,,King,American Crow,Corvus brachyrhynchos,American Crow,Aves,8021
387748814,7ed13c29-65b5-470a-a86f-cdc6d0613eb5,research,false,2,"Holman Rd NW & 9th Ave NW, Seattle, WA 98117, USA",47.6987295275,-122.3712030798,3,,,,3,,open,false,gps,gps,,King,American Crow,Corvus brachyrhynchos,American Crow,Aves,8021
387878116,2950da09-7df7-4d3a-93c4-e4a2abb2e353,research,false,3,"Shilshole Bay Entrance Range, Seattle, WA, US",47.6649902109,-122.3986667554,19,,,,19,,open,false,,,,King,American Crow,Corvus brachyrhynchos,American Crow,Aves,8021
387908013,a1b2b451-13d5-4c61-a3c5-80a1b838662d,research,false,3,"Broadview, Seattle, WA, US",47.7112216667,-122.38015,4,,,,4,,open,false,,,,King,American Crow,Corvus brachyrhynchos,American Crow,Aves,8021
387908073,ffb566c2-6ab9-40b6-b6fb-6ecce1fc4b62,research,false,3,"Broadview, Seattle, WA, US",47.7112216667,-122.38015,4,,,,4,,open,false,,,,King,American Crow,Corvus brachyrhynchos,American Crow,Aves,8021
387938716,fc1e008b-a6ef-436c-8293-900c3b2f589c,research,false,843,"Redmond Way, Redmond, WA, US",47.6751650669,-122.127672868,25,,,,25,,open,false,,,Redmond City Limits,King,American Crow,Corvus brachyrhynchos,American Crow,Aves,8021
387986531,f12138a4-d2f8-4b6b-bef5-8568bd01a3b1,research,false,2,"16th Ave SW & SW Graham St, Seattle, WA 98106, USA",47.5466538912,-122.3583304882,248,,,,248,,open,false,gps,gps,,King,American Crow,Corvus brachyrhynchos,American Crow,Aves,8021
388001754,6b4fac78-d669-4023-abd0-070d0f710f6c,research,false,3,"Woodland Park Zoo, Seattle, WA, US",47.6685133333,-122.3524783333,5,,,,5,,open,false,,,,King,American Crow,Corvus brachyrhynchos,American Crow,Aves,8021
388052726,36e4a8b8-e916-4111-87bb-b842e8f15a13,research,false,333,Des Moines,47.3586730957,-122.3111877441,,,,,,,open,false,,,Des Moines City Limits,King,American Crow,Corvus brachyrhynchos,American Crow,Aves,8021
388052768,68152e6b-6811-413d-94e9-c9490df286d2,research,false,333,Des Moines,47.3586883545,-122.3111801147,,,,,,,open,false,,,Des Moines City Limits,King,American Crow,Corvus brachyrhynchos,American Crow,Aves,8021
388052783,7f0b5c45-be68-4cc3-a0c9-509ab7eda607,research,false,333,Des Moines,47.3586845398,-122.3111801147,,,,,,,open,false,,,Des Moines City Limits,King,American Crow,Corvus brachyrhynchos,American Crow,Aves,8021
388380568,b169297c-21a6-4b9d-99ea-875eeaf1dffd,research,false,,"Seattle, WA, USA",47.66506,-122.3989216667,,,,,,,open,false,,,,King,American Crow,Corvus brachyrhynchos,American Crow,Aves,8021
388386938,90de3221-2d7e-4c0b-8e47-80f79aa3c720,research,false,,"Arboretum, Seattle, WA 98112, USA",47.63844,-122.29639,,,,,,,open,false,,,,King,American Crow,Corvus brachyrhynchos,American Crow,Aves,8021
388386953,4a290952-2530-4cc6-aa1f-f6988c758f2b,research,false,,"Montlake, Seattle, WA, USA",47.6422583333,-122.291845,,,,,,,open,false,,,,King,American Crow,Corvus brachyrhynchos,American Crow,Aves,8021
388386963,f546042e-869d-4c23-b0a1-77f4b740577e,research,false,,"Madison Park, Seattle, WA 98112, USA",47.6421166667,-122.2920066667,,,,,,,open,false,,,,King,American Crow,Corvus brachyrhynchos,American Crow,Aves,8021
388563513,5e3f9be5-65d6-46ea-952d-4ed537bb3a89,research,false,843,"Fauntleroy Way SW, Seattle, WA, US",47.5300466667,-122.4011466667,10,,,,10,,open,false,,,,King,American Crow,Corvus brachyrhynchos,American Crow,Aves,8021
388597688,3201ec16-8dcb-4b79-a32b-5521abc70d50,research,false,2,"Broadview, Seattle, WA, USA",47.7113916667,-122.37655,,,,,,,open,false,gps,gps,,King,American Crow,Corvus brachyrhynchos,American Crow,Aves,8021
388648991,72daed3a-ff7b-4e00-9d8c-f88f08f75960,research,false,333,Des Moines,47.3580169678,-122.3099136353,,,,,,,open,false,,,Des Moines City Limits,King,American Crow,Corvus brachyrhynchos,American Crow,Aves,8021
388658077,16354a51-6a2d-4edf-94bc-f75adf8a651a,research,false,843,"NE 150th St, Woodinville, WA, US",47.7369561469,-122.1729996803,2,,,,2,,open,false,,,Woodinville City Limits,King,American Crow,Corvus brachyrhynchos,American Crow,Aves,8021
388811826,03c82e02-c428-48ee-8415-421c145a36ca,research,false,2,"NE 4th St & 108th Ave NE, Bellevue, WA 98004, USA",47.6141638889,-122.1946,,,,,,,open,false,gps,gps,Bellevue City Limits,King,American Crow,Corvus brachyrhynchos,American Crow,Aves,8021
388900679,28c4ece2-3b1a-4651-ae94-629e2b5a71aa,research,false,3,"Martin Luther King Jr Way, Seattle, WA, US",47.6041200144,-122.2968849796,23,,,,23,,open,false,,,,King,American Crow,Corvus brachyrhynchos,American Crow,Aves,8021
388939851,b5c31d85-4965-490a-9998-fbc2d0cc6173,research,false,2,"Seward Park Ave S & Wilson Ave S, Seattle, WA 98118, USA",47.5445833333,-122.2619,,,,,,,open,false,gps,gps,,King,American Crow,Corvus brachyrhynchos,American Crow,Aves,8021
389190687,c441cb05-4bb3-4e3a-a7c0-f4a2b810b0d5,research,false,333,SeaTac,47.4354515076,-122.2753753662,,,,,,,open,false,,,Seatac City Limits,King,American Crow,Corvus brachyrhynchos,American Crow,Aves,8021
389190730,dc982a7e-4cf1-40d4-97b6-8fb14b599a6b,research,false,333,SeaTac,47.4355125427,-122.2753143311,,,,,,,open,false,,,Seatac City Limits,King,American Crow,Corvus brachyrhynchos,American Crow,Aves,8021
389190757,5d2719fe-b3b8-4179-ac27-72e3e03f17a5,research,false,333,SeaTac,47.4355163574,-122.2752914429,,,,,,,open,false,,,Seatac City Limits,King,American Crow,Corvus brachyrhynchos,American Crow,Aves,8021
389497836,62e4586a-1a4d-43f3-9a4c-384e7ca2ce03,research,false,3,"University of Washington, Seattle, WA, US",47.6546216667,-122.3160083333,20,,,,20,,open,false,,,,King,American Crow,Corvus brachyrhynchos,American Crow,Aves,8021
389586540,774cba6e-e7b0-4279-9d6c-cde323aafb3d,research,false,,Gas Works Park,47.6452643999,-122.3357891335,137,,,,137,,open,false,,,,King,American Crow,Corvus brachyrhynchos,American Crow,Aves,8021
389586555,39d6480d-2618-4889-a659-e244af6ffdc6,research,false,,Gas Works Park,47.6452643999,-122.3357891335,137,,,,137,,open,false,,,,King,American Crow,Corvus brachyrhynchos,American Crow,Aves,8021
389586563,13087ef7-76ef-4326-85d9-31a5cb2ab6fd,research,false,,Gas Works Park,47.6452643999,-122.3357891335,137,,,,137,,open,false,,,,King,American Crow,Corvus brachyrhynchos,American Crow,Aves,8021
389690107,3f3cbe0e-b4c6-4046-bed9-0c9483ff7914,research,false,2,"Wallingford, Seattle, WA, USA",47.6697995997,-122.328174,,,,,,,open,false,gps,gps,,King,American Crow,Corvus brachyrhynchos,American Crow,Aves,8021
389733251,29a8f88f-2991-44cb-bb2f-a2f8b0d73d6a,research,false,999,"King County, US-WA, US",47.638905,-122.29608,,,,,,,open,false,,,,King,American Crow,Corvus brachyrhynchos,American Crow,Aves,8021
389733283,6c7d5601-8c4b-4a78-b021-39e97fd7bcc3,research,false,999,"King County, US-WA, US",47.6248871074,-122.2948406605,48,,,,48,,open,false,,,,King,American Crow,Corvus brachyrhynchos,American Crow,Aves,8021
389811057,59f96ae3-756a-4db6-84ff-e37a205bdc16,research,false,843,"NE Grant Ln, Seattle, WA, US",47.6557833333,-122.3096166667,28,,,,28,,open,false,,,,King,American Crow,Corvus brachyrhynchos,American Crow,Aves,8021
389862111,44a46580-df8f-4c03-aff2-03d5c9dd7b20,research,false,843,"University Way NE, Seattle, WA, US",47.6589544311,-122.3130979289,17,,,,17,,open,false,,,,King,American Crow,Corvus brachyrhynchos,American Crow,Aves,8021
389867650,c2a7f447-5dca-4a02-b435-2897fcb9200e,research,false,843,"Seattle, WA, US",47.7121901695,-122.3801752313,50,,,,50,,open,false,,,,King,American Crow,Corvus brachyrhynchos,American Crow,Aves,8021
389902350,3c823393-9de2-4b92-abc8-79996d98086f,research,false,999,"Walla Walla Rd, Seattle, WA, US",47.6537505236,-122.2991329452,49,,,,49,,open,false,,,,King,American Crow,Corvus brachyrhynchos,American Crow,Aves,8021
390073751,88260132-9bd6-453c-afb7-ee041095b7fc,research,false,843,"NE 188th Ct, Bothell, WA, US",47.7636432164,-122.16896321,9,,,,9,,open,false,,,Bothell City Limits,King,American Crow,Corvus brachyrhynchos,American Crow,Aves,8021
390131310,276e2729-6b51-491f-b2f3-0d8765278f7c,research,false,333,Seattle,47.5836524963,-122.3863143921,77,,,,77,,open,false,,,,King,American Crow,Corvus brachyrhynchos,American Crow,Aves,8021
390134086,dbf0532c-a37b-4e05-872f-4b821392e04e,research,false,843,"E Harrison St, Seattle, WA, US",47.62182,-122.3189616667,14,,,,14,,open,false,,,,King,American Crow,Corvus brachyrhynchos,American Crow,Aves,8021
390339340,a7d8106e-1c9a-46f1-97b3-91c6927de941,research,false,999,"King County, US-WA, US",47.623732053,-122.2967037211,37,,,,37,,open,false,,,,King,American Crow,Corvus brachyrhynchos,American Crow,Aves,8021
390448468,71a19637-4abd-4519-bcb3-34657f142d65,research,false,,"Richmond Beach, Shoreline, WA 98177, USA",47.7649194444,-122.3837333333,,,,,,,open,false,,,,King,American Crow,Corvus brachyrhynchos,American Crow,Aves,8021
390580291,50591f12-72db-49aa-9fe4-f9797d9d42f1,research,false,999,"King County, US-WA, US",47.6380550186,-122.2987502537,57,,,,57,,open,false,,,,King,American Crow,Corvus brachyrhynchos,American Crow,Aves,8021
390580297,edbedff1-161a-4cde-89bc-5a7859e80748,research,false,999,"King County, US-WA, US",47.6248900133,-122.2949858128,21,,,,21,,open,false,,,,King,American Crow,Corvus brachyrhynchos,American Crow,Aves,8021
390599351,a1ff7445-9a8a-4331-acd5-9e5001d28370,research,false,2,"Denny Way & Queen Anne Ave N, Seattle, WA 98109, USA",47.6169551807,-122.3583495989,93,,,,93,,open,false,gps,gps,,King,American Crow,Corvus brachyrhynchos,American Crow,Aves,8021
390719903,ff48a672-c999-472c-99f6-091e75270f45,research,false,,"Burien, WA, USA",47.4810032994,-122.3619084976,339,,,,339,,open,false,,,Burien City Limits,King,American Crow,Corvus brachyrhynchos,American Crow,Aves,8021
390719964,bb9d1256-fbb9-421f-a793-110dee71580b,research,false,,"Burien, WA, USA",47.4810032994,-122.3619084976,339,,,,339,,open,false,,,Burien City Limits,King,American Crow,Corvus brachyrhynchos,American Crow,Aves,8021
390734970,d87aee21-b1e5-42e0-a97e-bc8fa601d1e4,research,false,843,"Cheshiahud Lake Union Loop, Seattle, WA, US",47.6260033333,-122.3361883333,19,,,,19,,open,false,,,,King,American Crow,Corvus brachyrhynchos,American Crow,Aves,8021
390741199,0155e036-415e-4d7d-8905-d43c0b5f08b0,research,false,999,"Canal Rd NE, Seattle, WA, US",47.653597655,-122.2984983136,91,,,,91,,open,false,,,,King,American Crow,Corvus brachyrhynchos,American Crow,Aves,8021
390858972,1b7c3ff8-64c4-436d-bec1-d9889b931e49,research,false,999,"King County, US-WA, US",47.6380736532,-122.2990524512,28,,,,28,,open,false,,,,King,American Crow,Corvus brachyrhynchos,American Crow,Aves,8021
390890823,abd806f2-f6d3-4313-a7ec-0ff05014835d,research,false,3,"Warren G. Magnuson Park, Seattle, WA, US",47.6759284,-122.2560551613,7,,,,7,,open,false,,,,King,American Crow,Corvus brachyrhynchos,American Crow,Aves,8021
390905207,31e5d461-cdea-4456-b0df-e3b236eeb961,research,false,3,"Shilshole Bay, Seattle, WA, US",47.6872166667,-122.40387,4,,,,4,,open,false,,,,King,American Crow,Corvus brachyrhynchos,American Crow,Aves,8021
391034882,a9eff996-dda6-4191-974b-21d0569a6fa2,research,false,2,"Picnic Shelter #3, Seattle, WA 98115, USA",47.6793389323,-122.2565963119,49,,,,49,,open,false,gps,gps,,King,American Crow,Corvus brachyrhynchos,American Crow,Aves,8021
391148912,4ead574e-bd45-4db9-bf76-07454693571f,research,false,999,"King County, US-WA, US",47.6248113432,-122.2948615995,23,,,,23,,open,false,,,,King,American Crow,Corvus brachyrhynchos,American Crow,Aves,8021
391193767,cb4398ea-febf-4b09-a671-1ee9edb60ed5,research,false,843,"Seattle, WA, US",47.6682993134,-122.3529666337,10,,,,10,,open,false,,,,King,American Crow,Corvus brachyrhynchos,American Crow,Aves,8021
391215035,12985011-2056-4758-8ded-376e164e5828,research,false,999,"King County, US-WA, US",47.6246126942,-122.29642522,29,,,,29,,open,false,,,,King,American Crow,Corvus brachyrhynchos,American Crow,Aves,8021
391418101,9190dd05-646f-4fe0-bd4d-6744b0fb424e,needs_id,false,,"West Bellevue, Bellevue, WA, USA",47.6133379392,-122.2046141886,11,,,,11,,open,false,,,Bellevue City Limits,King,American Crow,Corvus brachyrhynchos,American Crow,Aves,8021
391418106,2778eaad-6985-4dc0-b8a6-ec6d789f0150,needs_id,false,,"West Bellevue, Bellevue, WA, USA",47.6125137837,-122.2018074989,39,,,,39,,open,false,,,Bellevue City Limits,King,American Crow,Corvus brachyrhynchos,American Crow,Aves,8021
391598415,654696e3-ecf6-44ea-b032-cbffcfc7b2b1,research,false,843,"Seattle, WA, US",47.69307,-122.4060133333,42,,,,42,,open,false,,,,King,American Crow,Corvus brachyrhynchos,American Crow,Aves,8021
391934750,a708173b-1140-4019-93a0-440b6a1aa45e,research,false,999,"King County, US-WA, US",47.6177412047,-122.2971852975,19,,,,19,,open,false,,,,King,American Crow,Corvus brachyrhynchos,American Crow,Aves,8021
391980330,32e9cb4c-7a1f-4677-8fc6-d77c1ce27e27,research,false,2,"31st Ave S & S Norman St, Seattle, WA 98144, USA",47.5931126112,-122.2911605984,1,,,,1,,open,false,,,,King,American Crow,Corvus brachyrhynchos,American Crow,Aves,8021
392111284,8afd9035-a4a1-461b-bf06-97c937e218ed,research,false,999,"King County, US-WA, US",47.6267074544,-122.2946825475,37,,,,37,,open,false,,,,King,American Crow,Corvus brachyrhynchos,American Crow,Aves,8021
392135616,f6514501-c8da-4b92-a25a-6b5993559330,research,false,,"Seattle, Washington",47.45071,-122.2993716667,,,,,,,open,false,,,Seatac City Limits,King,American Crow,Corvus brachyrhynchos,American Crow,Aves,8021
392137268,d2651a3d-9c53-4bbb-abd7-d18eeb484048,research,false,999,"King County, US-WA, US",47.6189906904,-122.2971982568,16,,,,16,,open,false,,,,King,American Crow,Corvus brachyrhynchos,American Crow,Aves,8021
392405572,1f92b802-1b4e-47c5-ab3c-b18cdd9004de,research,false,3,"Wilburton Crossing, Bellevue, WA, US",47.6161916667,-122.181525,6,,,,6,,open,false,,,Bellevue City Limits,King,American Crow,Corvus brachyrhynchos,American Crow,Aves,8021
392448898,44e4f94b-854c-4385-8504-5df1d3a851fc,research,false,999,"King County, US-WA, US",47.6194379636,-122.2973686564,19,,,,19,,open,false,,,,King,American Crow,Corvus brachyrhynchos,American Crow,Aves,8021
392528217,bb5d58a8-0dfa-47d0-a48b-706373926f40,research,false,843,"NE 145th St, Seattle, WA, US",47.7338366667,-122.3112716667,4,,,,4,,open,false,,,,King,American Crow,Corvus brachyrhynchos,American Crow,Aves,8021
392801098,2a6afdde-56c9-4875-8bb0-3dd748d0dc7c,research,false,843,"California Ave SW, Seattle, WA, US",47.5787515045,-122.3838461343,112,,,,112,,open,false,,,,King,American Crow,Corvus brachyrhynchos,American Crow,Aves,8021
392822576,a650852d-93b9-4072-aed1-058a3ef4cd43,research,false,,"University of Washington, Seattle, WA, USA",47.6547631278,-122.2933444822,294,,,,294,,open,false,,,,King,American Crow,Corvus brachyrhynchos,American Crow,Aves,8021
392822577,59181489-2bb7-48c9-8925-de987aaf67d9,research,false,,"University of Washington, Seattle, WA, USA",47.6547631278,-122.2933444822,294,,,,294,,open,false,,,,King,American Crow,Corvus brachyrhynchos,American Crow,Aves,8021
392822578,0f8c5297-a9a2-4914-b675-f86b1c7a1c8d,research,false,,"University of Washington, Seattle, WA, USA",47.6547631278,-122.2933444822,294,,,,294,,open,false,,,,King,American Crow,Corvus brachyrhynchos,American Crow,Aves,8021
392987919,1025a7d2-40c1-41c3-b705-23339bb45f7b,research,false,2,"Broadway & E Denny Way - Bay 4, Seattle, WA 98122, USA",47.6180138889,-122.3198444444,,,,,,,open,false,gps,gps,,King,American Crow,Corvus brachyrhynchos,American Crow,Aves,8021
393065950,ad5bb75c-da91-4fe2-b129-12d6c4ed374e,research,false,333,Des Moines,47.3586654663,-122.3110656738,,,,,,,open,false,,,Des Moines City Limits,King,American Crow,Corvus brachyrhynchos,American Crow,Aves,8021
393075767,fef22ec2-0140-42dd-a4d6-f73537729a55,research,false,2,"E Union St & 33rd Ave, Seattle, WA 98122, USA",47.6128,-122.2902777778,,,,,,,open,false,gps,gps,,King,American Crow,Corvus brachyrhynchos,American Crow,Aves,8021
393277511,67fcf14e-af1b-4d2c-8715-55559ee82927,research,false,843,"E Olive St, Seattle, WA, US",47.6164366667,-122.3225866667,22,,,,22,,open,false,,,,King,American Crow,Corvus brachyrhynchos,American Crow,Aves,8021
393507992,ae7f3c37-42a8-42fe-92aa-945bcef825d0,research,false,843,"Seattle, WA, US",47.6089216667,-122.3448033333,3,,,,3,,open,false,,,,King,American Crow,Corvus brachyrhynchos,American Crow,Aves,8021
393954802,7217cedd-cd39-4136-bd1d-0ffb5c855d42,research,false,843,"Seattle, WA, US",47.6936792253,-122.4057843326,190,,,,190,,open,false,,,,King,American Crow,Corvus brachyrhynchos,American Crow,Aves,8021
394043157,a3f73bf9-d6fa-4633-8188-7aa34bbf4d7a,research,false,,"King County, US-WA, US",47.434364236,-122.3399859519,280,,,,26839,obscured,open,true,,,,King,American Crow,Corvus brachyrhynchos,American Crow,Aves,8021
394212942,c489a5a4-245f-4528-b4e9-97fd1ef8af46,research,false,333,Seattle,47.6193275452,-122.3486862183,9,,,,9,,open,false,,,,King,American Crow,Corvus brachyrhynchos,American Crow,Aves,8021
394325935,35d553a8-8a69-4b3a-a089-800c1401ede4,research,false,,"Seattle, WA, USA",47.7115081034,-122.3806923395,31,,,,31,,open,false,,,,King,American Crow,Corvus brachyrhynchos,American Crow,Aves,8021
394427501,16e0fda5-372d-483d-bf63-775b12b38ad8,research,false,999,"King County, US-WA, US",47.6197156835,-122.2970998215,22,,,,22,,open,false,,,,King,American Crow,Corvus brachyrhynchos,American Crow,Aves,8021
394465976,6fd03a6f-c554-41f3-b079-7b5e26a989c0,research,false,999,"King County, US-WA, US",47.6195545291,-122.2962886173,51,,,,51,,open,false,,,,King,American Crow,Corvus brachyrhynchos,American Crow,Aves,8021
394466071,5cdd381d-affa-480e-89c3-26afbaae7948,research,false,999,"King County, US-WA, US",47.6249505543,-122.2946352033,51,,,,51,,open,false,,,,King,American Crow,Corvus brachyrhynchos,American Crow,Aves,8021
394466087,3a0e0ece-5317-4aac-8169-cbe705cdc4ea,research,false,999,"King County, US-WA, US",47.6376953941,-122.2963057426,70,,,,70,,open,false,,,,King,American Crow,Corvus brachyrhynchos,American Crow,Aves,8021
394466095,fcbc1bec-59a7-441c-a6b4-6fad87cbdd24,research,false,999,"King County, US-WA, US",47.6279389385,-122.2960152895,51,,,,51,,open,false,,,,King,American Crow,Corvus brachyrhynchos,American Crow,Aves,8021
394466112,e08b2d8e-ffc0-4486-a228-7767fbaf8003,research,false,999,"King County, US-WA, US",47.6317321789,-122.2967448262,46,,,,46,,open,false,,,,King,American Crow,Corvus brachyrhynchos,American Crow,Aves,8021
394511211,fd3789c1-df07-4369-8012-e20218bb1be4,research,false,,"Magnolia, Seattle, WA 98199, USA",47.6628175251,-122.4313544879,8,,,,8,,open,false,,,,King,American Crow,Corvus brachyrhynchos,American Crow,Aves,8021
394958057,a91e05fd-c425-4484-a20a-688d7762cc12,research,false,3,"Myrtle Edwards Park, Seattle, WA, US",47.6196962968,-122.3621386134,3,,,,3,,open,false,,,,King,American Crow,Corvus brachyrhynchos,American Crow,Aves,8021
394969115,167694f0-0764-4406-a7ac-a55443221559,research,false,999,"King County, US-WA, US",47.6265610835,-122.2959459524,39,,,,39,,open,false,,,,King,American Crow,Corvus brachyrhynchos,American Crow,Aves,8021
394969122,bb9f562c-f179-459f-97ca-3f21c4494f12,research,false,999,"King County, US-WA, US",47.6257667971,-122.2961856876,39,,,,39,,open,false,,,,King,American Crow,Corvus brachyrhynchos,American Crow,Aves,8021
394969188,bc556085-07b6-4203-bfbd-6a3eb71e460c,research,false,999,"King County, US-WA, US",47.6368905821,-122.2988639817,6,,,,6,,open,false,,,,King,American Crow,Corvus brachyrhynchos,American Crow,Aves,8021
395108093,247f6f5f-ec8f-4250-9b6b-aebcfe790e40,research,false,999,"King County, US-WA, US",47.5725486549,-122.4139992313,39,,,,39,,open,false,,,,King,American Crow,Corvus brachyrhynchos,American Crow,Aves,8021
395125848,bbaeaaf2-b59b-4e5f-b899-5a2b9979dc66,research,false,2,"Sand Point, Seattle, WA 98115, USA",47.6769009434,-122.2560964152,20,,,,20,,open,false,gps,gps,,King,American Crow,Corvus brachyrhynchos,American Crow,Aves,8021
395232330,98f10f8b-f65b-4c86-a6cf-778a67682a29,research,false,999,"King County, US-WA, US",47.6221396504,-122.2971271883,26,,,,26,,open,false,,,,King,American Crow,Corvus brachyrhynchos,American Crow,Aves,8021
395232484,f092dda5-8b47-4ed3-9fd3-7631a78c6f5a,research,false,999,"King County, US-WA, US",47.6242271029,-122.2958771758,19,,,,19,,open,false,,,,King,American Crow,Corvus brachyrhynchos,American Crow,Aves,8021
395238759,0368e8b2-7cef-40b9-8a65-ed0aeea0ef32,research,false,2,"2nd Ave & Bell St, Seattle, WA 98121, USA",47.6128720997,-122.3455096997,,,,,,,open,false,gps,gps,,King,American Crow,Corvus brachyrhynchos,American Crow,Aves,8021
395238857,06a43374-d38a-4d07-8dbe-2b95abc804bb,research,false,2,"2nd Ave & Lenora St, Seattle, WA 98121, USA",47.6106233,-122.3450219,,,,,,,open,false,gps,gps,,King,American Crow,Corvus brachyrhynchos,American Crow,Aves,8021
395271976,ff660404-d2e8-436f-825d-be44102d2abf,research,false,843,"Seattle, WA, US",47.5740169402,-122.2601360242,15648,,,,15648,,open,false,,,,King,American Crow,Corvus brachyrhynchos,American Crow,Aves,8021
395377203,181f06f3-da7b-460c-af47-1ea188f3ec77,research,false,3,"Alki Trail, Seattle, WA, US",47.592025,-122.3919833333,14,,,,14,,open,false,,,,King,American Crow,Corvus brachyrhynchos,American Crow,Aves,8021
395602327,f9c0d185-d7dc-4fec-9231-71e972182406,research,false,,"Bothell, WA, USA",47.7584270712,-122.2227464393,1,,,,1,,open,false,,,Bothell City Limits,King,American Crow,Corvus brachyrhynchos,American Crow,Aves,8021
395713370,387de04f-4eeb-4054-bd6b-f445415ab8d8,research,false,3,"Bear Creek Trail, Redmond, WA, US",47.6687283333,-122.1236333333,13,,,,13,,open,false,,,Redmond City Limits,King,American Crow,Corvus brachyrhynchos,American Crow,Aves,8021
395726574,2e4d173a-9d70-40e0-b6f6-cfccce98c79b,research,false,843,"NE Ravenna Blvd, Seattle, WA, US",47.6713727018,-122.3163829208,685,,,,685,,open,false,,,,King,American Crow,Corvus brachyrhynchos,American Crow,Aves,8021
395882661,79e766e6-d664-4868-a8e9-7b83a2840235,research,false,,"Lawton Park, Seattle, WA 98199, USA",47.6580863973,-122.406103404,15,,,,15,,open,false,,,,King,American Crow,Corvus brachyrhynchos,American Crow,Aves,8021
396012254,2fc210ae-ead4-465d-86e5-af7ea9e3fb02,research,false,,"Renton, WA, USA",47.5010757434,-122.2158413253,15,,,,15,,open,false,,,,King,American Crow,Corvus brachyrhynchos,American Crow,Aves,8021
396012256,8f2b616c-e68f-434c-8edf-1cce73544c76,research,false,,"Renton, WA, USA",47.5010757434,-122.2158413253,15,,,,15,,open,false,,,,King,American Crow,Corvus brachyrhynchos,American Crow,Aves,8021
396136532,9764df70-d74e-4019-8a95-e9f28d7347a5,research,false,843,"15th Ave NE, Seattle, WA, US",47.651505,-122.31343,4,,,,4,,open,false,,,,King,American Crow,Corvus brachyrhynchos,American Crow,Aves,8021
396142911,4a3d8e2d-be31-42de-b0de-f80f7d91922b,research,false,843,"Renton, WA, US",47.5047761014,-122.2054809195,9,,,,9,,open,false,,,,King,American Crow,Corvus brachyrhynchos,American Crow,Aves,8021
396280615,c61b8ae8-2f80-4b33-9798-600043b849a4,research,false,2,"Stevens Way & Asotin Pl, Seattle, WA 98105, USA",47.6548388889,-122.3105055556,,,,,,,open,false,gps,gps,,King,American Crow,Corvus brachyrhynchos,American Crow,Aves,8021
396281513,b7b07c5f-f612-4a2e-b878-e84cba9ca190,research,false,2,"11th Ave NE & NE 42nd St, Seattle, WA 98105, USA",47.6583333333,-122.3147305556,,,,,,,open,false,gps,gps,,King,American Crow,Corvus brachyrhynchos,American Crow,Aves,8021
396459361,5a0d8b3b-48b8-4747-bec5-3637b7a99aea,research,false,3,"Lake Washington, Seattle, WA, US",47.6883873643,-122.2636981232,5,,,,5,,open,false,,,,King,American Crow,Corvus brachyrhynchos,American Crow,Aves,8021
396519152,d219bb30-1fa3-4325-bbd6-c8362da607f8,research,false,,Marymoor Community Gardens,47.6600907689,-122.1165165542,84,,,,84,,open,false,,,,King,American Crow,Corvus brachyrhynchos,American Crow,Aves,8021
396701954,11298388-8beb-461c-8703-6ed90687726d,research,false,3,"Green Lake Park, Seattle, WA, US",47.684855,-122.3388216667,4,,,,4,,open,false,,,,King,American Crow,Corvus brachyrhynchos,American Crow,Aves,8021
397589979,f54579a9-9fc3-44f2-9c19-b98ffdba915b,needs_id,false,843,"Stewart St, Seattle, WA, US",47.6180422137,-122.3316079898,7332,,,,7332,,open,false,,,,King,American Crow,Corvus brachyrhynchos,American Crow,Aves,8021
397630850,7c97c257-d7f0-463f-ad6e-5f9c30fc68ab,research,false,,"Southeast Redmond, Redmond, WA 98052, USA",47.6565564447,-122.108175827,354,,,,354,,open,false,,,,King,American Crow,Corvus brachyrhynchos,American Crow,Aves,8021
399018912,519ed86d-40b7-4277-b653-2a2a4f16dfca,research,false,,"University of Washington, Seattle, WA, USA",47.6540516667,-122.2943683333,,,,,,,open,false,,,,King,American Crow,Corvus brachyrhynchos,American Crow,Aves,8021
